"baseMean","log2FoldChange","lfcSE","stat","pvalue","padj","ensembl_id","hgnc_symbol","Expresión"
507.425984275358,5.78272214224152,0.558080760474057,10.3618016455709,3.69927493901501e-25,1.64760311007776e-22,"ENSG00000007968","E2F2","UP"
167.940903325042,6.32349710230606,0.634085510400649,9.97262514059112,2.00848740760595e-23,7.04475191338184e-21,"ENSG00000129173","E2F8","UP"
2219.72691493179,2.58384267939284,0.261132017182025,9.89477547516413,4.38593474072942e-23,1.44410995192017e-20,"ENSG00000177426","TGIF1","UP"
2316.32544743813,-2.52977256379718,0.256294750280575,-9.87055942826664,5.58522366582827e-23,1.79554442315654e-20,"ENSG00000116604","MEF2D","DOWN"
551.86331887665,5.02762582887893,0.515039194078171,9.76163734078043,1.64477974523389e-22,4.98764876361458e-20,"ENSG00000165891","E2F7","UP"
159.837464624484,4.70917968266333,0.495978547270828,9.49472453713184,2.2079436300593e-21,5.21574838621245e-19,"ENSG00000116833","NR5A2","UP"
3453.57226792203,-2.63052892995716,0.2942340650886,-8.94025961665946,3.88257142437206e-19,6.33614909892658e-17,"ENSG00000081189","MEF2C","DOWN"
34.3845868168422,-3.87263646367112,0.438288180121901,-8.83582227244647,9.93646444851606e-19,1.53376682463971e-16,"ENSG00000268041","ERFL","DOWN"
1506.66761716513,4.18035957070094,0.478944623979436,8.72827329382536,2.58590174387901e-18,3.74797969027237e-16,"ENSG00000111206","FOXM1","UP"
314.02908083651,10.5355334067466,1.23223364451212,8.54994785580451,1.23144132544622e-17,1.53427967200711e-15,"ENSG00000128710","HOXD10","UP"
1403.30715661435,-3.0560137619674,0.363174727312189,-8.4147203319586,3.9383337003446e-17,4.47849292621367e-15,"ENSG00000167074","TEF","DOWN"
311.076487106427,8.79109614685173,1.09593221101225,8.02156927090583,1.04402677596277e-15,8.71864313668754e-14,"ENSG00000106004","HOXA5","UP"
1233.87178155324,-2.53623286640592,0.32418067083746,-7.82351662069807,5.13677709410326e-15,3.72259624089107e-13,"ENSG00000178951","ZBTB7A","DOWN"
2012.58665535107,-1.81520379764533,0.232488730859659,-7.80770659693208,5.82379644931092e-15,4.16401446125731e-13,"ENSG00000116731","PRDM2","No significativo"
228.477535652424,4.41976152118332,0.573099786564967,7.71202786110668,1.23834088271062e-14,8.17094770402131e-13,"ENSG00000198353","HOXC4","UP"
188.665901501271,9.22309063666753,1.20670810775455,7.64318278579393,2.11916811365879e-14,1.3246969449665e-12,"ENSG00000128709","HOXD9","UP"
941.706281408382,-2.99722995993883,0.393434167987821,-7.61812319267503,2.57390593769361e-14,1.58805910790715e-12,"ENSG00000151090","THRB","DOWN"
187.0646091492,9.2107503339785,1.23370719412527,7.46591280154539,8.27241175401668e-14,4.61151902694252e-12,"ENSG00000175879","HOXD8","UP"
816.492369341869,-1.79646825336849,0.241067216806512,-7.45214665505677,9.18335583233043e-14,5.09938630289548e-12,"ENSG00000070444","MNT","No significativo"
205.690772623525,9.34763252705118,1.25867932521057,7.42654013601704,1.11475081780217e-13,6.13428580653376e-12,"ENSG00000183072","NKX2-5","UP"
227.788098600038,7.35897801881222,0.992844414235916,7.41201533019211,1.24394373688165e-13,6.7496576596255e-12,"ENSG00000260027","HOXB7","UP"
606.768430158407,3.55185664611748,0.479892545559281,7.40135823943262,1.34798531622847e-13,7.25891790503533e-12,"ENSG00000092607","TBX15","UP"
242.031738714882,7.4228280387986,1.00723599190616,7.36950237923007,1.71266109523996e-13,9.08539087458747e-12,"ENSG00000069011","PITX1","UP"
435.488469791628,6.8816579553759,0.933953372002587,7.36830998384878,1.72804609613746e-13,9.13301198177372e-12,"ENSG00000120093","HOXB3","UP"
174.752783575912,3.16597648924783,0.434774990639219,7.28187351483377,3.29215678620701e-13,1.66189784779047e-11,"ENSG00000213988","ZNF90","UP"
1988.15316535946,-1.68046296713475,0.230860115202606,-7.27913942891325,3.35956325404642e-13,1.69067154579545e-11,"ENSG00000126767","ELK1","No significativo"
136.731214349965,-4.08591800085914,0.562126696677024,-7.26867808451863,3.63022347275399e-13,1.8090613639224e-11,"ENSG00000106852","LHX6","DOWN"
304.167310134466,3.37504107009169,0.467122092841717,7.22517971599197,5.00439586257917e-13,2.43151083973065e-11,"ENSG00000164749","HNF4G","UP"
256.782199899751,9.66798104094081,1.36551962103526,7.08007478765565,1.44076685739275e-12,6.38371694523748e-11,"ENSG00000128714","HOXD13","UP"
799.628423918705,-3.67871448583885,0.529151518401189,-6.95210040586095,3.59887100374379e-12,1.47391693014438e-10,"ENSG00000108924","HLF","DOWN"
1515.41102232974,5.75071769451118,0.829198975045046,6.93526869615194,4.05449780440076e-12,1.64164926726102e-10,"ENSG00000106511","MEOX2","UP"
3387.37708179141,2.14421205588899,0.309559588176931,6.92665366470073,4.30911782033882e-12,1.72837664769444e-10,"ENSG00000141510","TP53","UP"
129.866593368819,8.6842604474493,1.25539125330058,6.91757284800042,4.5944714225818e-12,1.82400942075515e-10,"ENSG00000105996","HOXA2","UP"
141.69477871708,8.23285059129335,1.19934284112885,6.86446803112977,6.67394838326035e-12,2.56616916387647e-10,"ENSG00000105997","HOXA3","UP"
10167.4915958378,-1.93606375716009,0.283846583259301,-6.82081050590432,9.05282899383921e-12,3.38942039658129e-10,"ENSG00000172379","ARNT2","No significativo"
5733.47336802715,-2.08700554742207,0.308638271205627,-6.76197912614545,1.36119319125909e-11,4.90316236551514e-10,"ENSG00000198911","SREBF2","DOWN"
45.6297405809788,7.75454459165001,1.15274946237935,6.7269990962686,1.7319781609991e-11,6.11008170213191e-10,"ENSG00000106006","HOXA6","UP"
126.962632331107,-5.11352225772306,0.762204667115876,-6.70885718539647,1.96154524852547e-11,6.85770974580567e-10,"ENSG00000136535","TBR1","DOWN"
725.559626752122,-2.07665356065629,0.311161594227756,-6.67387492280385,2.49135972718014e-11,8.51503340168195e-10,"ENSG00000184481","FOXO4","DOWN"
1764.88724143555,-1.48153361022131,0.223145426305466,-6.63931873823496,3.15136273269965e-11,1.04939888132429e-09,"ENSG00000197063","MAFG","No significativo"
549.044343025386,2.32179993275167,0.352725956475879,6.58244705308623,4.62767627476693e-11,1.48547713573731e-09,"ENSG00000184635","ZNF93","UP"
85.1317083553268,8.07486630768958,1.22908298965184,6.5698300079614,5.03727360867402e-11,1.60490840302589e-09,"ENSG00000122592","HOXA7","UP"
4104.27461367367,1.33126143641184,0.203441150456325,6.54371759806597,6.00080654632749e-11,1.87830516472419e-09,"ENSG00000113658","SMAD5","No significativo"
88.3218519259945,7.55123392773941,1.16030693026412,6.50796244578193,7.6176954657662e-11,2.33483731204133e-09,"ENSG00000170166","HOXD4","UP"
1565.15176118466,3.19152966620904,0.492772005971515,6.47668623122543,9.37588779866608e-11,2.81145640603558e-09,"ENSG00000169083","AR","UP"
1050.70163445057,2.16787752161455,0.336340132404063,6.44549166975462,1.15226255985792e-10,3.37678480273098e-09,"ENSG00000118707","TGIF2","UP"
1328.8226119911,-1.49529698580293,0.232937902424413,-6.41929445676254,1.36907369019541e-10,3.96326904344516e-09,"ENSG00000184271","POU6F1","No significativo"
1153.00937352372,3.09368894145814,0.485440016898981,6.37295821061642,1.85416421116413e-10,5.20883700241424e-09,"ENSG00000074219","TEAD2","UP"
181.242612543387,8.05847389784677,1.28130308372169,6.28928003079491,3.18941686299747e-10,8.45967101806346e-09,"ENSG00000182742","HOXB4","UP"
1591.86433443082,2.22548911379945,0.357075028419762,6.23255320779045,4.58893598403255e-10,1.17843324846414e-08,"ENSG00000171940","ZNF217","UP"
61.2205282156273,6.46543200631278,1.04360857967853,6.19526528643946,5.81869421571543e-10,1.46778707127637e-08,"ENSG00000105991","HOXA1","UP"
13462.5018018931,1.92008785942272,0.312216457330628,6.14986114389673,7.75508108566304e-10,1.89801947326671e-08,"ENSG00000140262","TCF12","No significativo"
3295.54486814852,3.73666717591417,0.618143141113432,6.04498687663749,1.4942216399513e-09,3.43855945421947e-08,"ENSG00000176887","SOX11","UP"
247.535403940865,-1.06727724564331,0.177392319804754,-6.01647944408192,1.78251121282326e-09,4.03466553344013e-08,"ENSG00000131061","ZNF341","No significativo"
186.302814197138,-4.80627808567835,0.802685480020859,-5.98774763628894,2.12766849890351e-09,4.73077077522711e-08,"ENSG00000171532","NEUROD2","DOWN"
136.487655879212,-2.84449980492777,0.479428273103773,-5.93310817176624,2.97252864321489e-09,6.36755547083862e-08,"ENSG00000130751","NPAS1","DOWN"
1836.74528882358,1.35529669002865,0.228680206847468,5.92660251935423,3.09266338015733e-09,6.61495788621246e-08,"ENSG00000139083","ETV6","No significativo"
89.3030871476473,7.56705120894776,1.27852711523233,5.91856920263494,3.24754358654821e-09,6.92199507128824e-08,"ENSG00000180806","HOXC9","UP"
93.6593024333753,6.14878686103239,1.05132350700684,5.84861540720061,4.95681676002723e-09,1.01406035506452e-07,"ENSG00000197757","HOXC6","UP"
1755.51268199134,4.17847492649031,0.717327602746926,5.82505804947322,5.70927514568926e-09,1.15583085892157e-07,"ENSG00000129654","FOXJ1","UP"
591.919562094822,-1.89928721236104,0.326545434323115,-5.81630307065234,6.0163344640204e-09,1.21168352651022e-07,"ENSG00000105516","DBP","No significativo"
250.461806425385,5.41484490364182,0.932700075905606,5.80555855362643,6.41517800903887e-09,1.28054979520296e-07,"ENSG00000173917","HOXB2","UP"
65.9820875588577,5.83508471141867,1.01471668021122,5.75045707359817,8.90025001753412e-09,1.7180496162515e-07,"ENSG00000187140","FOXD3","UP"
2217.41114825387,1.89736072097205,0.333182523557082,5.69465859348108,1.23619032219582e-08,2.31215177629601e-07,"ENSG00000084093","REST","No significativo"
386.221457110844,3.96540331495461,0.697334227247111,5.68651754067625,1.29656074451687e-08,2.4166106256891e-07,"ENSG00000126778","SIX1","UP"
85.0352177193646,7.4937992981737,1.32595938748172,5.65160544804168,1.58956124528546e-08,2.88843477112921e-07,"ENSG00000164107","HAND2","UP"
22.5156664286117,-5.18222193364101,0.921828586541847,-5.62167631737438,1.8911334960072e-08,3.37053751099541e-07,"ENSG00000135625","EGR4","DOWN"
2435.92262711218,-0.862241499793769,0.154081201894798,-5.59602008025924,2.1932830982852e-08,3.86077420475011e-07,"ENSG00000110925","CSRNP2","No significativo"
74.0785721167837,-2.9948311629989,0.536246683932689,-5.58480127286869,2.33967596451906e-08,4.0831642944874e-07,"ENSG00000138378","STAT4","DOWN"
2196.98523719282,-3.78018491897272,0.678679602215169,-5.56991090734778,2.54869627583548e-08,4.38706145997978e-07,"ENSG00000124920","MYRF","DOWN"
1329.73872859453,-1.1032031646693,0.198372136028231,-5.5612808671491,2.67801793521097e-08,4.5764993147808e-07,"ENSG00000065970","FOXJ2","No significativo"
87.7939205698799,8.11952033820377,1.46451576345711,5.54416725364361,2.95356416722254e-08,4.97187177550922e-07,"ENSG00000123364","HOXC13","UP"
666.890654680467,1.45268024973419,0.263491714349472,5.51319138562163,3.52384677232296e-08,5.81060996699625e-07,"ENSG00000133740","E2F5","No significativo"
55.8481580779096,6.8892026331843,1.25690230663373,5.48109634044285,4.22698213596262e-08,6.82784568142629e-07,"ENSG00000037965","HOXC8","UP"
314.300931883907,-2.19863613558324,0.403005307490203,-5.4556009430141,4.88074948688406e-08,7.7520878830127e-07,"ENSG00000176182","MYPOP","DOWN"
685.17038669267,-3.39216304225883,0.622188848425475,-5.45198302869477,4.98112108302003e-08,7.89098903841005e-07,"ENSG00000179388","EGR3","DOWN"
2443.98392708202,-1.6613418225092,0.307707102334559,-5.39910132039423,6.69755429077551e-08,1.0194636127116e-06,"ENSG00000157557","ETS2","No significativo"
100.904693990436,5.92024980180038,1.09680146206366,5.39774061812543,6.74853350688248e-08,1.02649251922367e-06,"ENSG00000106031","HOXA13","UP"
605.10209386247,1.56194352497101,0.289973344073008,5.386507266605,7.18400261639765e-08,1.08271554412871e-06,"ENSG00000186446","ZNF501","No significativo"
754.669766565428,-1.51437742633251,0.281213654467333,-5.38514898645657,7.23846654068097e-08,1.08938794044314e-06,"ENSG00000198046","ZNF667","No significativo"
50.4461140836861,-2.59932798313462,0.485973168461143,-5.3487067842974,8.85849237738902e-08,1.30607778820697e-06,"ENSG00000171056","SOX7","DOWN"
61.2387415418712,7.59960133899145,1.42227937028931,5.34325498755254,9.1292199266823e-08,1.34136789142665e-06,"ENSG00000078399","HOXA9","UP"
38.6705513414567,-5.04498808978524,0.94687578034224,-5.32803583587466,9.92805388370527e-08,1.44483934617286e-06,"ENSG00000165643","SOHLH1","DOWN"
207.497492487642,5.92760824516791,1.1129786390418,5.32589578742608,1.00456717213366e-07,1.45947259867206e-06,"ENSG00000135903","PAX3","UP"
2563.74117942423,2.53533511388091,0.47649013950354,5.32085536234286,1.03280492686185e-07,1.4959227729618e-06,"ENSG00000152977","ZIC1","UP"
1403.70376584897,2.29902580657513,0.432651176940286,5.31380920499018,1.07357025106995e-07,1.55024124366761e-06,"ENSG00000121068","TBX2","UP"
1627.75306825367,2.10734175868238,0.397334282010955,5.30369981673084,1.13478862321432e-07,1.62601062877932e-06,"ENSG00000124782","RREB1","UP"
826.588727242018,3.17948939042351,0.599531473400727,5.30329020491362,1.13733897031548e-07,1.62693885425824e-06,"ENSG00000175832","ETV4","UP"
312.186191335157,-1.53325784902527,0.290978602823102,-5.26931476799139,1.36933974094543e-07,1.92026432612672e-06,"ENSG00000284691","","No significativo"
205.027115572636,2.74908149577181,0.522582627411961,5.26056809310017,1.43611007976398e-07,2.00207886144338e-06,"ENSG00000251493","FOXD1","UP"
53.9242151788035,7.41552453236365,1.41075155397824,5.25643548749053,1.46874264850165e-07,2.04025436718599e-06,"ENSG00000136574","GATA4","UP"
621.61598673845,1.58854675378407,0.302717244058796,5.24762558116952,1.54072023030821e-07,2.12505080281574e-06,"ENSG00000144792","ZNF660","No significativo"
5556.21511130674,1.44868008955882,0.276684943142639,5.23584721707096,1.64229766308278e-07,2.24703107777378e-06,"ENSG00000187079","TEAD1","No significativo"
9176.13345345722,2.09934042936105,0.406559569972633,5.16367239738659,2.42151349846336e-07,3.14701071896043e-06,"ENSG00000006468","ETV1","UP"
166.273510587119,7.93937181782951,1.54495481794524,5.13890226795674,2.76348072053493e-07,3.53766901700335e-06,"ENSG00000089225","TBX5","UP"
622.277010287544,-1.71961092835214,0.337406805976417,-5.09655080423104,3.45897766456133e-07,4.30429301524007e-06,"ENSG00000095574","IKZF5","No significativo"
22.0892329250717,6.70285506745998,1.3183400906276,5.08431406669052,3.68956996867488e-07,4.55018584224493e-06,"ENSG00000197576","HOXA4","UP"
3073.76486174238,-1.16385941328557,0.22906721149947,-5.0808642828756,3.75721485889238e-07,4.6202828795416e-06,"ENSG00000068305","MEF2A","No significativo"
181.547375992544,3.86365399608935,0.766725041816897,5.03916500096789,4.67567260246194e-07,5.59836834117797e-06,"ENSG00000128652","HOXD3","UP"
13628.9219858637,1.06261059870384,0.211093697308639,5.03383384843654,4.80766408247755e-07,5.73115462912896e-06,"ENSG00000168610","STAT3","No significativo"
713.190072337617,1.48912018055083,0.295925532008006,5.03207739611515,4.85193297926327e-07,5.7786656934362e-06,"ENSG00000181315","ZNF322","No significativo"
12.9293536701495,-2.66637843625432,0.530563841269701,-5.0255562645833,5.01975363556561e-07,5.96193350544107e-06,"ENSG00000124664","SPDEF","DOWN"
94.7689336709881,3.40259043138536,0.682352662652062,4.98655697797192,6.14647855992762e-07,7.11822816324012e-06,"ENSG00000221818","EBF2","UP"
684.987289034589,-2.41812209337134,0.485603051087414,-4.97962705950142,6.37069167330596e-07,7.34019757601975e-06,"ENSG00000126368","NR1D1","DOWN"
1.699410064346,-4.37411028284539,0.878934580261696,-4.97660506376144,6.47091600999675e-07,7.44355544362203e-06,"ENSG00000060566","CREB3L3","DOWN"
6804.24874598808,2.80636447642509,0.565700744824964,4.96086402943207,7.01803061859937e-07,7.99759955115814e-06,"ENSG00000124766","SOX4","UP"
770.995390614008,1.33486414095575,0.2691564661386,4.95943552873209,7.06983054986849e-07,8.05019293796876e-06,"ENSG00000169981","ZNF35","No significativo"
898.146013331676,-1.65544764419355,0.334797082937774,-4.9446298326955,7.6288684517008e-07,8.60653109206784e-06,"ENSG00000198517","MAFK","No significativo"
3271.93685972863,1.72634025935219,0.349165277840447,4.94419224623203,7.64602231236457e-07,8.61906079646116e-06,"ENSG00000156273","BACH1","No significativo"
1996.62936399774,-1.37273233087751,0.27824634480682,-4.93351433540148,8.07631115532394e-07,9.04923574602164e-06,"ENSG00000174738","NR1D2","No significativo"
661.737028867447,-1.99111163313382,0.40386136035651,-4.93018602070809,8.21513530916468e-07,9.19033334416416e-06,"ENSG00000129911","KLF16","No significativo"
131.670090414913,4.02276740780984,0.819113035137769,4.91112610255706,9.05548255837563e-07,1.00125489461719e-05,"ENSG00000168505","GBX2","UP"
1828.47232559978,1.92525678110954,0.394431622168948,4.88109135500523,1.05500351523902e-06,1.14693072212242e-05,"ENSG00000136997","MYC","No significativo"
429.56458215464,-2.99663644375091,0.614169993854841,-4.87916452079091,1.06536169727576e-06,1.15584039813296e-05,"ENSG00000119866","BCL11A","DOWN"
70.5298275427991,-3.15424293508547,0.650622752335139,-4.84803662915973,1.24689381572886e-06,1.32324246411315e-05,"ENSG00000185668","POU3F1","DOWN"
46.538324209834,7.20395288582127,1.49558209704175,4.81682209226135,1.4586262980962e-06,1.51217385930418e-05,"ENSG00000008196","TFAP2B","UP"
12738.2079097833,1.50040174645542,0.313274689459577,4.7894126047774,1.67270228395577e-06,1.70001738899684e-05,"ENSG00000100644","HIF1A","No significativo"
2020.9023745698,1.12697408500081,0.235368602465758,4.78812413038296,1.68347512621771e-06,1.71055955255919e-05,"ENSG00000120690","ELF1","No significativo"
848.503417183138,-1.24540867105898,0.261999201594845,-4.75348269566438,1.99942224514251e-06,1.98627548642096e-05,"ENSG00000101190","TCFL5","No significativo"
1275.91741236694,1.2251984517062,0.258175645847294,4.74560041356836,2.07888750887728e-06,2.04808740131488e-05,"ENSG00000124459","ZNF45","No significativo"
212.017355949247,2.45267088980359,0.521269412083954,4.70518858952071,2.53631385032355e-06,2.42606647199741e-05,"ENSG00000116035","VAX2","UP"
246.66497373828,1.96021209255393,0.421834166333636,4.64687843943766,3.36995613152169e-06,3.08939138755303e-05,"ENSG00000020633","RUNX3","No significativo"
2076.33527313298,0.8690439615467,0.188528718487165,4.60961050666593,4.03424054775566e-06,3.61239838953694e-05,"ENSG00000196652","ZKSCAN5","No significativo"
1234.91005812129,-1.05638089333385,0.229340487500863,-4.60616834317087,4.10156388321487e-06,3.66465830742185e-05,"ENSG00000112561","TFEB","No significativo"
1498.04627311992,-1.94366962415765,0.422378123654543,-4.60172891375253,4.18998317355067e-06,3.73076031968984e-05,"ENSG00000173320","STOX2","No significativo"
12754.8328953457,1.58433299902997,0.347121428796514,4.56420395745352,5.01393167419071e-06,4.36709465458081e-05,"ENSG00000181449","SOX2","No significativo"
74.9004228392801,7.31369765253222,1.60526781518126,4.55606072916026,5.2121872729662e-06,4.51037221676211e-05,"ENSG00000164093","PITX2","UP"
12.4447864285645,-2.98709056950785,0.66681459803794,-4.4796418349226,7.47683936678878e-06,6.15256391081193e-05,"ENSG00000043039","BARX2","DOWN"
741.885341034882,-4.18485388722943,0.935532096608244,-4.47323389801542,7.70454214077633e-06,6.30957878401022e-05,"ENSG00000186487","MYT1L","DOWN"
1876.7382364364,2.0475731417971,0.459828615358372,4.45290500288092,8.47162418963957e-06,6.84987207784453e-05,"ENSG00000159216","RUNX1","UP"
4251.99324740244,1.07346312624915,0.242440882828409,4.42773146890787,9.52293549141823e-06,7.60927215112258e-05,"ENSG00000185591","SP1","No significativo"
2457.52864887617,-0.688403064660112,0.155497990285589,-4.42708657131699,9.55144051858001e-06,7.63062298678859e-05,"ENSG00000141568","FOXK2","No significativo"
39.2742868625291,6.95912914078388,1.57422818761751,4.42066099154029,9.83994435975386e-06,7.83475793277459e-05,"ENSG00000120068","HOXB8","UP"
317.085749060859,-2.24866029865613,0.508914478284672,-4.41854259331623,9.93686988641743e-06,7.9001626205569e-05,"ENSG00000153234","NR4A2","DOWN"
1800.1487543116,1.53185336501292,0.346986392272266,4.41473613700371,1.01133269166051e-05,8.02850944993103e-05,"ENSG00000111145","ELK3","No significativo"
269.447680931441,3.18340051944611,0.723402658318107,4.40059278583167,1.07955552609614e-05,8.50222059850663e-05,"ENSG00000159263","SIM2","UP"
454.934521122385,1.85951538116131,0.423283491727174,4.39307324170312,1.11759454862405e-05,8.76949717664131e-05,"ENSG00000050344","NFE2L3","No significativo"
51.4251678431419,6.77028103272515,1.54551793145234,4.38059041240825,1.18358168796445e-05,9.22464495667083e-05,"ENSG00000107807","TLX1","UP"
131.311540937941,4.7430348958674,1.08350093631306,4.37750881139705,1.20043509481248e-05,9.3237063304082e-05,"ENSG00000248483","POU5F2","UP"
4261.97949068331,-0.675596767218599,0.154552091373268,-4.37132077098151,1.2349720228144e-05,9.54858929104433e-05,"ENSG00000100811","YY1","No significativo"
47.4771745808822,4.06489747990365,0.937905181991579,4.33401750832862,1.46412522811619e-05,0.000110272331123065,"ENSG00000197587","DMBX1","UP"
819.021340660159,1.59446489460124,0.369791805757908,4.31179076922296,1.61937637322034e-05,0.000120008794200827,"ENSG00000138738","PRDM5","No significativo"
180.750649698914,-3.69424350400828,0.859147544446356,-4.299894154256,1.70879703717939e-05,0.000125602604295478,"ENSG00000261678","SCRT1","DOWN"
23.8624633654004,6.23871296627359,1.45479665570454,4.28837455860955,1.79985398909318e-05,0.000131443266762303,"ENSG00000120075","HOXB5","UP"
25.6865204459513,5.76884266635956,1.3473227468731,4.28170806122588,1.85464199719501e-05,0.000134816266361896,"ENSG00000170689","HOXB9","UP"
8133.51453907599,-1.47793552973208,0.349339984558366,-4.23065092763567,2.33016036208947e-05,0.000162954966636996,"ENSG00000126351","THRA","No significativo"
1061.44188189899,1.48415301607103,0.351962769628772,4.21678979750165,2.47804767682427e-05,0.000171507995694125,"ENSG00000185507","IRF7","No significativo"
1253.15705528992,0.946539157510313,0.224631472193217,4.21374239445908,2.51173751443441e-05,0.000173468520278908,"ENSG00000048405","ZNF800","No significativo"
3816.73551201502,1.23767911400082,0.29522072203256,4.19238563431302,2.76036247554623e-05,0.000188240103677796,"ENSG00000100219","XBP1","No significativo"
35.609761117732,2.59317030313159,0.618971156794417,4.18948488094556,2.79588408534214e-05,0.000190083663280289,"ENSG00000249709","ZNF564","UP"
1074.77196921825,1.30231112198344,0.31112456798323,4.18581898056226,2.84139731298978e-05,0.000192748889277335,"ENSG00000072736","NFATC3","No significativo"
10507.6195123214,-0.941762022449458,0.225673614609666,-4.17311533773394,3.00462739733939e-05,0.00020158301212622,"ENSG00000082641","NFE2L1","No significativo"
1090.34528772999,3.44303710156234,0.826977574826172,4.16339838753917,3.13545594858199e-05,0.000208983148859735,"ENSG00000115112","TFCP2L1","UP"
278.803338489894,-2.31851540588839,0.558442801241257,-4.15175090579555,3.29941270160282e-05,0.00021824410408792,"ENSG00000009950","MLXIPL","DOWN"
359.171583630868,1.33450354839667,0.322826493103581,4.1338105047298,3.56797692502547e-05,0.000233123455659098,"ENSG00000143578","CREB3L4","No significativo"
2272.83092307135,-1.56953830731698,0.381182838136855,-4.11754714611122,3.82926209691641e-05,0.000247734543013852,"ENSG00000182568","SATB1","No significativo"
6.9943123365108,5.05314113195349,1.2292786217454,4.11065566631163,3.94537189441474e-05,0.000253443909389259,"ENSG00000172789","HOXC5","UP"
16.1262859487067,5.67398209890804,1.38248568877309,4.10418866899341,4.05736252862336e-05,0.000259313377632808,"ENSG00000108511","HOXB6","UP"
25.5420031220131,5.75989124208357,1.40655445660065,4.09503607560564,4.22102656234868e-05,0.000268097719853377,"ENSG00000138136","LBX1","UP"
896.559247845829,1.56187556860024,0.381500963184263,4.09402785136838,4.23943353207861e-05,0.000268820198029193,"ENSG00000138795","LEF1","No significativo"
737.132727373783,-1.2134222366045,0.296495872773453,-4.09254343156289,4.2666729709068e-05,0.000270306913938453,"ENSG00000019485","PRDM11","No significativo"
376.867368724097,-3.61332023102317,0.884578264498846,-4.08479427546219,4.41158848159052e-05,0.000277595715536962,"ENSG00000148826","NKX6-2","DOWN"
4094.00188317495,1.8764239158873,0.460079176836052,4.07848042328585,4.53310186100962e-05,0.000284152623176126,"ENSG00000104447","TRPS1","No significativo"
3691.79823285299,1.33875391322333,0.329864771634107,4.05849314126913,4.93903838280127e-05,0.000304895856670308,"ENSG00000071564","TCF3","No significativo"
13093.5998054022,1.86586830757322,0.459825730463182,4.05777272553611,4.9542945856969e-05,0.000305628009811921,"ENSG00000162599","NFIA","No significativo"
405.942178204016,2.64131147246553,0.651644369420086,4.05330207152116,5.0499727296116e-05,0.000310768111686821,"ENSG00000078900","TP73","UP"
1468.13522958104,1.36697483325564,0.337338697759883,4.05223249610292,5.07312135229728e-05,0.000312057904848474,"ENSG00000167081","PBX3","No significativo"
200.509635616439,3.41492717262501,0.84476106590409,4.04247699196488,5.28895037750121e-05,0.000322964369167122,"ENSG00000137203","TFAP2A","UP"
5370.86565491733,1.37085719357129,0.339266718472651,4.04064742849746,5.3303843483979e-05,0.000325215815617079,"ENSG00000164683","HEY1","No significativo"
759.260827302974,-1.90712701694978,0.472594613336064,-4.0354395990409,5.45001592883351e-05,0.000331379879222318,"ENSG00000137166","FOXP4","No significativo"
655.45227867714,2.13464509212529,0.529069861405097,4.03471308393211,5.46690586426793e-05,0.000332123464106996,"ENSG00000074047","GLI2","UP"
2456.07743534468,-0.739372313117684,0.184597189734356,-4.0053281102582,6.19314556158616e-05,0.000368546033092191,"ENSG00000153560","UBP1","No significativo"
16.4985894058527,2.67526861891551,0.670948564047431,3.98729315817776,6.68314257832218e-05,0.000392461375115123,"ENSG00000212993","POU5F1B","UP"
312.825648447754,1.29308314628506,0.325466258173677,3.97301752120504,7.09678266765749e-05,0.000413289480415461,"ENSG00000180257","ZNF816","No significativo"
2180.25947333313,0.909176162419088,0.229687001923268,3.95832656966291,7.54767154404143e-05,0.000434566888803809,"ENSG00000109381","ELF2","No significativo"
554.718455587791,1.36759114627645,0.348577190920262,3.92335236469701,8.73252863178924e-05,0.000490897615973458,"ENSG00000057657","PRDM1","No significativo"
208.784928933756,3.02867861405235,0.773852741700926,3.91376608344803,9.08676660260002e-05,0.000507673957438088,"ENSG00000140009","ESR2","UP"
101.733487318045,-1.52705250185528,0.391989913577985,-3.89564233405071,9.7938826594346e-05,0.000541799768235794,"ENSG00000116819","TFAP2E","No significativo"
588.128260628988,1.60349370446839,0.411803477192342,3.8938323576113,9.86728533436751e-05,0.000545225535075668,"ENSG00000102034","ELF4","No significativo"
78.6987246489462,2.17151711172829,0.561571530127446,3.86685755105049,0.000110246780610937,0.000598504519880881,"ENSG00000156127","BATF","UP"
3230.72080261409,1.17514780370371,0.306326009012096,3.83626518523049,0.000124919520387924,0.000663743212937696,"ENSG00000134954","ETS1","No significativo"
52.9870588735023,1.68096856745209,0.442798298178734,3.79623990057336,0.000146907341589051,0.00076081845982595,"ENSG00000105672","ETV2","No significativo"
663.690618271454,1.76361186053432,0.468124723148666,3.76739739074673,0.00016495830656529,0.000836867858781695,"ENSG00000007866","TEAD3","No significativo"
154.799155243274,3.99817360148833,1.07390123493713,3.7230365990988,0.000196840974846795,0.000969399857351349,"ENSG00000169840","GSX1","UP"
192.851280640245,3.37873407144069,0.909684245892268,3.71418334075538,0.000203860961604419,0.000998451676439877,"ENSG00000180613","GSX2","UP"
900.829172062665,1.1979975378291,0.323554210534379,3.70261767216843,0.000213386333332897,0.00103714441904225,"ENSG00000263002","ZNF234","No significativo"
6.56990655131209,-3.28190181235946,0.889176688509899,-3.69094450492099,0.000223422883441755,0.00107942285054453,"ENSG00000128645","HOXD1","DOWN"
1317.99028199337,-0.796861625849496,0.216195593961984,-3.6858365670006,0.000227952607577576,0.00109795760304094,"ENSG00000120837","NFYB","No significativo"
14.7894271677042,3.72645766156716,1.01241693422381,3.68075398148503,0.000232545295725554,0.00111680772878103,"ENSG00000121075","TBX4","UP"
650.455887343992,0.684530508212785,0.186776366002698,3.66497390897357,0.000247363799284754,0.00117373587459974,"ENSG00000164011","ZNF691","No significativo"
1307.97217131152,1.46094308899257,0.399761137151911,3.65454005709766,0.000257643437488128,0.00121389095941376,"ENSG00000125347","IRF1","No significativo"
29.3343393091775,2.53483633680193,0.694510349605835,3.64981794474417,0.000262426236270637,0.00123137727183623,"ENSG00000171872","KLF17","UP"
716.985149062299,1.07593228684198,0.295849029363899,3.63676125338429,0.000276087608494245,0.00128647317746168,"ENSG00000171425","ZNF581","No significativo"
3213.03419739308,-0.59401474632044,0.166129651825854,-3.57560940983081,0.000349413006035013,0.00155834483144248,"ENSG00000198815","FOXJ3","No significativo"
1617.58334920353,0.915021107007756,0.256892456355925,3.56188391044069,0.000368203198490285,0.00162653829505622,"ENSG00000090612","ZNF268","No significativo"
2691.73943600821,-0.64724945223708,0.181741128346324,-3.56138127966109,0.000368908910010411,0.00162881436031755,"ENSG00000204231","RXRB","No significativo"
1008.64760222507,0.566395575572989,0.15969684077903,3.54669242553585,0.000390099739080416,0.00170807006193112,"ENSG00000169016","E2F6","No significativo"
2598.03175613284,-0.868455220234802,0.247464381246984,-3.5094150352411,0.00044909351853175,0.00192307376783796,"ENSG00000196588","MRTFA","No significativo"
826.23911752395,-1.27046964895162,0.362466687415388,-3.50506596347062,0.000456494164641363,0.00194871415710571,"ENSG00000114861","FOXP1","No significativo"
4757.00009102782,-1.27137498953787,0.364363850813657,-3.48930056233288,0.000484286285972336,0.00204813340547173,"ENSG00000072310","SREBF1","No significativo"
7754.30123579741,1.15514319870392,0.334942873052487,3.44877676654702,0.00056313204122589,0.00231896722399069,"ENSG00000148516","ZEB1","No significativo"
656.171749412242,0.681946272969022,0.197907131992579,3.44578927552037,0.000569394179936622,0.00233822387164331,"ENSG00000123268","ATF1","No significativo"
3674.41264574462,1.76551425652373,0.512603010236031,3.44421359467006,0.000572723057141743,0.00234896112750211,"ENSG00000110693","SOX6","No significativo"
2891.8337331518,1.64123792082452,0.48640739296206,3.37420430810052,0.000740294011440524,0.00289812343424964,"ENSG00000221869","CEBPD","No significativo"
37.1775567703694,3.7227541585359,1.10335818045501,3.3740214415238,0.0007407859736447,0.0028994677659398,"ENSG00000131668","BARX1","UP"
197.215576308982,-2.18287244349974,0.647991860719546,-3.36867262665279,0.000755310822373267,0.00294472734861072,"ENSG00000127152","BCL11B","DOWN"
1563.89963165079,1.25770028793656,0.373718761921244,3.36536566018489,0.000764422810969449,0.00297482717107679,"ENSG00000152926","ZNF117","No significativo"
1214.07840749565,1.15873639121399,0.344799136261129,3.3606128013512,0.000777697665962529,0.00301687707344945,"ENSG00000087903","RFX2","No significativo"
40.090727064425,4.00695029353939,1.20076026196346,3.33701107578902,0.000846845733705439,0.00323927205546998,"ENSG00000184937","WT1","UP"
70.1615858209992,2.08876802733428,0.62644177391274,3.33433706741471,0.00085502976455253,0.00326677755723104,"ENSG00000166268","MYRFL","UP"
2600.99848084474,0.996389686299279,0.298825206092732,3.33435622559255,0.000854970869339609,0.00326677755723104,"ENSG00000263001","GTF2I","No significativo"
83.951894987078,-1.71348702035571,0.514343424131728,-3.33140648827829,0.000864083255837316,0.00329472816220597,"ENSG00000164379","FOXQ1","No significativo"
2110.00139006297,0.78513217039653,0.236717998159375,3.31674049502533,0.00091074166300815,0.00344150077642417,"ENSG00000109320","NFKB1","No significativo"
4398.1863939455,-1.32753587703624,0.400951323402902,-3.31096519589797,0.000929747716050183,0.00349878745776779,"ENSG00000130522","JUND","No significativo"
2971.450328523,-0.465853401836253,0.140843017975096,-3.30760735273812,0.000940966389137106,0.00353292060944285,"ENSG00000115966","ATF2","No significativo"
30.7421609614694,-2.64415532681392,0.7998174767504,-3.30594842407912,0.000946555091203799,0.00355140891844514,"ENSG00000168348","INSM2","DOWN"
40.6908966473552,2.99961678934597,0.910442675532036,3.29467946742839,0.000985340027929724,0.00367275595625414,"ENSG00000107485","GATA3","UP"
1078.36285054793,-1.57684238046239,0.480531567065521,-3.28145430713688,0.00103273255679946,0.00381580936148241,"ENSG00000144218","AFF3","No significativo"
755.244022703816,1.32845403776608,0.40610970079434,3.2711704132348,0.00107103349731356,0.00393049345503697,"ENSG00000085276","MECOM","No significativo"
256.308603496438,0.948063935273117,0.289881980437378,3.27051696639668,0.00107351102404928,0.00393789557783761,"ENSG00000204920","ZNF155","No significativo"
49.0045433243701,-2.59865330972711,0.798134064894775,-3.25591078495029,0.0011302926120623,0.004107421486822,"ENSG00000106536","POU6F2","DOWN"
374.525219387867,-1.26298388690992,0.388454543383753,-3.25130419613146,0.00114876873379962,0.00416465192055878,"ENSG00000136826","KLF4","No significativo"
9.41438958820999,4.89839138545875,1.50703336265973,3.25035364632784,0.0011526157784408,0.00417541242385778,"ENSG00000112246","SIM1","UP"
427.137133957036,-0.642807561835897,0.198028737467438,-3.24603171265279,0.00117025802555979,0.0042292893583687,"ENSG00000181135","ZNF707","No significativo"
478.47549652608,0.806602410056211,0.249397708040084,3.23420137416248,0.00121983413228205,0.00437774450176125,"ENSG00000189298","ZKSCAN3","No significativo"
403.218968575193,1.5856811368913,0.491126459884584,3.2286615900596,0.00124370972752594,0.0044466340680514,"ENSG00000116990","MYCL","No significativo"
521.350044239896,0.878981944386015,0.272701698278045,3.22323604853318,0.0012675105535385,0.00451850498062745,"ENSG00000176024","ZNF613","No significativo"
92.5867660501782,3.70228168475071,1.15014664320853,3.2189649090507,0.00128654228294053,0.00457186572404323,"ENSG00000152192","POU4F1","UP"
1110.30327092361,-0.445278787345565,0.1389839360378,-3.20381477197811,0.00135619698554132,0.0047694451810158,"ENSG00000160199","PKNOX1","No significativo"
1743.72681310824,-1.66324967777498,0.519339139760434,-3.20262724381264,0.00136180123999246,0.00478718536696189,"ENSG00000178662","CSRNP3","No significativo"
4.95582990780096,-1.7229835072795,0.543900409644352,-3.16782903032953,0.00153581810224603,0.00528762175680276,"ENSG00000275410","HNF1B","No significativo"
9.74953909248915,5.5189970494925,1.74563637911155,3.16159603198773,0.00156907071388024,0.00537929993661488,"ENSG00000125798","FOXA2","UP"
25.2950649382896,-1.80502996175689,0.57208873450992,-3.15515732590534,0.00160411580002277,0.00547645953861174,"ENSG00000149054","ZNF215","No significativo"
2.52804910863604,-2.08370723309354,0.66730608242528,-3.12256592285273,0.00179281950064751,0.00600137660605854,"ENSG00000064835","POU1F1","DOWN"
70.0080120483069,2.05557583840878,0.659269353197541,3.11796055502804,0.00182107174351627,0.00607739342315994,"ENSG00000118513","MYB","UP"
967.762059618999,0.89073342054297,0.287705003976123,3.09599557961423,0.00196153285611458,0.00645793950326411,"ENSG00000025434","NR1H3","No significativo"
9.16799273332335,4.86212929431061,1.57757816573629,3.08202116377629,0.00205600219133596,0.00670801111750871,"ENSG00000164532","TBX20","UP"
523.262388983425,1.30968477309834,0.425267488917581,3.07967292875324,0.00207228029071617,0.0067539056627907,"ENSG00000165244","ZNF367","No significativo"
12.1664141777176,-2.14842079751779,0.699881582563448,-3.0696918607985,0.00214279724703165,0.00693877475699276,"ENSG00000188095","MESP2","DOWN"
494.244167551543,-0.464205146777349,0.151287032230553,-3.06837367309795,0.00215227304828775,0.00695944481022757,"ENSG00000103343","ZNF174","No significativo"
1821.96581972838,1.94069513643017,0.634268764331877,3.05973625939856,0.00221531981510435,0.00713256244988077,"ENSG00000139352","ASCL1","No significativo"
3532.1169935001,1.2634249037424,0.41366422028872,3.05422814392935,0.00225640415110397,0.00723916672106208,"ENSG00000111783","RFX4","No significativo"
33.6480681852887,1.39992384890716,0.459614847735168,3.04586297811206,0.00232013542060395,0.00740755900379054,"ENSG00000162676","GFI1","No significativo"
11.2338118903436,3.98214610963532,1.3090015858475,3.04212474048083,0.00234914522078993,0.00748174318102904,"ENSG00000178919","FOXE1","UP"
1054.21411941361,1.10468384152487,0.364222048377448,3.03299552140257,0.00242139193711891,0.00766662028876825,"ENSG00000198093","ZNF649","No significativo"
74.171783116387,2.44776715113092,0.808089480910757,3.02907933954562,0.00245300253273486,0.00774558963829438,"ENSG00000169856","ONECUT1","UP"
1457.92438063917,0.556538385869641,0.184347012444279,3.01897154985282,0.00253634348365228,0.0079570356101343,"ENSG00000154727","GABPA","No significativo"
379.7631727164,0.674702195303662,0.223748944398854,3.01544303199455,0.00256604137736661,0.00803487595547888,"ENSG00000159882","ZNF230","No significativo"
2384.80251219275,0.576166667775618,0.191968030907503,3.00136780614912,0.00268769708857192,0.00834310036416943,"ENSG00000143390","RFX5","No significativo"
404.248009112489,1.28685040580627,0.429245413266337,2.9979362994563,0.00271814480707125,0.00842171866057574,"ENSG00000240445","FOXO3B","No significativo"
7713.61671477168,-0.85481175133405,0.285967241990479,-2.98919465524834,0.00279713869158742,0.00861837998387283,"ENSG00000169554","ZEB2","No significativo"
12.0495068271941,5.25442146618025,1.76161832156536,2.98272412466238,0.00285695384967702,0.00876478264695704,"ENSG00000184895","SRY","UP"
395.849142260956,1.6511152959571,0.557435416888418,2.96198491508409,0.00305662758817201,0.00926632343927046,"ENSG00000168062","BATF2","No significativo"
2698.85214060686,-0.943822564811064,0.31949444773131,-2.95411257226231,0.0031356960009331,0.00946308257424453,"ENSG00000126705","AHDC1","No significativo"
5050.81678870639,1.70438396571957,0.582810696712615,2.92442121487005,0.00345097424938542,0.0102660061212671,"ENSG00000144485","HES6","No significativo"
506.578181500329,-0.995206130349078,0.341442466904908,-2.9147110474288,0.00356018000989713,0.0105278799836207,"ENSG00000123411","IKZF4","No significativo"
146.688611250247,1.35539740249945,0.46527256003471,2.91312559330456,0.00357830652160852,0.0105719770553079,"ENSG00000179772","FOXS1","No significativo"
558.302227542649,1.60613388426943,0.55169589934791,2.91126667094652,0.00359966649545984,0.0106248060435163,"ENSG00000162924","REL","No significativo"
110.024069098759,-1.03657009520294,0.356370835183078,-2.90868385643967,0.00362953688528627,0.0106878862675058,"ENSG00000185669","SNAI3","No significativo"
465.0663047963,0.959049664547349,0.331217238735642,2.89553064390108,0.00378518070843627,0.0110563582149617,"ENSG00000159917","ZNF235","No significativo"
5485.93378029966,1.46310827489123,0.506745607018467,2.88726385513177,0.00388608192574933,0.0113039801958816,"ENSG00000174197","MGA","No significativo"
1159.80915818581,0.944850538435143,0.3276835265532,2.88342398036828,0.0039337758214603,0.0114163071199469,"ENSG00000146757","ZNF92","No significativo"
8.09986458934652,-2.2897098509497,0.807122430538751,-2.8368804586701,0.0045556665254889,0.0128711425693738,"ENSG00000101076","HNF4A","DOWN"
4.52185241458127,-2.02526671506525,0.718794933708453,-2.81758624064915,0.00483861184305738,0.0135395632574348,"ENSG00000122859","NEUROG3","DOWN"
1741.0612212945,1.01334348121153,0.360088145163709,2.81415396430457,0.00489057987758197,0.0136534755067407,"ENSG00000140836","ZFHX3","No significativo"
22.0331785659835,1.79117781740788,0.637392406452415,2.8101649772974,0.00495161108788529,0.0137889823684194,"ENSG00000073861","TBX21","No significativo"
23.9512339029354,-2.00729470918329,0.717095457574895,-2.79920154001763,0.0051229151426401,0.0141865597638512,"ENSG00000082175","PGR","DOWN"
242.710394296691,1.55710376053192,0.559385164055035,2.78359860180119,0.00537595193088427,0.0147667722413477,"ENSG00000100625","SIX4","No significativo"
1299.97028557539,-1.08837245038059,0.391645765878481,-2.77897157381318,0.00545312969019871,0.0149528292287453,"ENSG00000198816","ZNF358","No significativo"
534.432870620501,0.612904145042202,0.221201087278058,2.77080077943631,0.00559186280531411,0.0152686172786778,"ENSG00000189042","ZNF567","No significativo"
4806.70167936323,-0.437330761953409,0.158420375895279,-2.76057141943975,0.00577003404916678,0.0156510642027616,"ENSG00000062194","GPBP1","No significativo"
818.131052410482,-1.27129553739426,0.460534721312022,-2.76047706842267,0.00577170097923266,0.0156529467890859,"ENSG00000151623","NR3C2","No significativo"
8.3361596528156,-2.48083433312769,0.905933813402742,-2.73842779287543,0.00617337152219619,0.0165434088978228,"ENSG00000064195","DLX3","DOWN"
2652.98567088725,0.802757794119799,0.293880632871764,2.73157773710827,0.00630318690738426,0.0168335641848238,"ENSG00000182158","CREB3L2","No significativo"
2386.75486925539,-0.798588984980887,0.293807437798643,-2.71806932787109,0.00656640778796995,0.0173812850733753,"ENSG00000166949","SMAD3","No significativo"
8779.70097802449,1.00588036607363,0.371255421181244,2.70940249942523,0.00674045132078528,0.0177748536525729,"ENSG00000147862","NFIB","No significativo"
422.389275117504,1.26067257611341,0.466261184932792,2.70379052954006,0.00685534896447859,0.0180193694988807,"ENSG00000164330","EBF1","No significativo"
3.11433751650288,3.32523443714747,1.23482765592858,2.6928733100385,0.00708391812962122,0.0185184083803017,"ENSG00000283463","HSFX4","UP"
17.233485344932,2.75799136711462,1.03136021921194,2.67413006216391,0.00749233876799628,0.0193865081267242,"ENSG00000170608","FOXA3","UP"
1010.68925750556,0.81341489610378,0.305269023126804,2.66458380798729,0.00770836563983017,0.0198486353304558,"ENSG00000151702","FLI1","No significativo"
412.445271417862,-1.30628027805395,0.494135323672505,-2.64356789623019,0.00820373104842083,0.0208578776498382,"ENSG00000119508","NR4A3","No significativo"
17.3202473012157,5.77767104295598,2.18935091393248,2.63898811569599,0.00831538958966623,0.0210941033927831,"ENSG00000165588","OTX2","UP"
1333.92805278106,0.727312136589112,0.279159305412894,2.60536590572674,0.00917761900610892,0.0228942506326837,"ENSG00000105866","SP4","No significativo"
1180.70001714458,-2.18545684905903,0.839405350677585,-2.60357745789312,0.00922564183203653,0.0230019690834676,"ENSG00000125740","FOSB","DOWN"
753.887208255734,-1.17843224130039,0.454011774810589,-2.59559841105888,0.0094426357761109,0.0234677271494521,"ENSG00000170485","NPAS2","No significativo"
631.157128495655,1.73521493430124,0.671001659151286,2.58600692060288,0.00970949810151982,0.0240234367413161,"ENSG00000196767","POU3F4","No significativo"
5.61681100415744,2.57691575404615,0.996806186685711,2.58517231179529,0.00973303419420423,0.0240705271005605,"ENSG00000137270","GCM1","UP"
629.557656292739,-0.55615962513682,0.215849198342604,-2.57661195597337,0.00997738889584916,0.0245584949906747,"ENSG00000170325","PRDM10","No significativo"
1253.90129901329,0.727970604146664,0.283002769266962,2.5723091192085,0.0101022646474753,0.0248242833064425,"ENSG00000126561","STAT5A","No significativo"
480.184055154148,-1.38818126198039,0.541699938401138,-2.5626387665424,0.0103880066373203,0.0254037977460481,"ENSG00000165730","STOX1","No significativo"
3810.21523085199,0.471105300578625,0.183879762110409,2.56202909538111,0.0104062600284601,0.0254382516743964,"ENSG00000158773","USF1","No significativo"
391.151556169303,1.22720730674198,0.479568402599676,2.55898282724519,0.0104978927074117,0.0256153854072249,"ENSG00000197905","TEAD4","No significativo"
86.0423850572316,1.53252851515361,0.604203803961212,2.53644300996819,0.0111984968315239,0.0270176185902298,"ENSG00000119725","ZNF410","No significativo"
1276.07951111974,-1.38532660170028,0.546799301177343,-2.5335193346397,0.0112923510382445,0.0271991384161874,"ENSG00000123358","NR4A1","No significativo"
34.1574445691875,1.29478707672693,0.511660519748357,2.53055888963982,0.0113880966181875,0.0273766359554617,"ENSG00000204531","POU5F1","No significativo"
139.295156720343,1.51898569944847,0.605823505313948,2.50730730340565,0.0121654893795809,0.0288913480005966,"ENSG00000010030","ETV7","No significativo"
67.786552780585,2.19764743157355,0.881016837394938,2.49444430377941,0.0126154523093813,0.0297665081613717,"ENSG00000073282","TP63","UP"
3463.62472369525,0.714387432482618,0.286863553541715,2.49033878184435,0.012762138077423,0.0300516855269325,"ENSG00000198176","TFDP1","No significativo"
2548.394858635,1.17517212579626,0.472217482740496,2.48862477300966,0.0128238230149707,0.0301715842541738,"ENSG00000143842","SOX13","No significativo"
2341.54562012233,0.68011382429278,0.273732055806472,2.48459692559215,0.012969819532057,0.0304698117435254,"ENSG00000170365","SMAD1","No significativo"
1409.54122441208,1.11173792938561,0.447501970755196,2.48431962770904,0.0129799245741701,0.0304902008030871,"ENSG00000106571","GLI3","No significativo"
3028.70769097151,-0.692956372308123,0.279246837746136,-2.48151913877031,0.0130823684714581,0.0306937460894499,"ENSG00000111269","CREBL2","No significativo"
2552.84244191599,-0.793075551217356,0.323161484653881,-2.45411532276742,0.0141231680457552,0.0326536687466801,"ENSG00000185129","PURA","No significativo"
1065.88957532046,-0.624693654305064,0.254967660403307,-2.45008976164634,0.0142820605949302,0.0329711173725732,"ENSG00000196453","ZNF777","No significativo"
720.848104577123,1.01768153840504,0.418061864340577,2.43428455262299,0.0149212597748018,0.0341462376467137,"ENSG00000185811","IKZF1","No significativo"
430.66011310877,1.2355348075825,0.508060787752059,2.43186413391434,0.0150213408182905,0.0343415604473841,"ENSG00000123685","BATF3","No significativo"
3116.87994046266,0.981575250315111,0.404111334360495,2.42897233226198,0.0151416877849084,0.0345748007807384,"ENSG00000184486","POU3F2","No significativo"
1791.44099454496,1.30118799540049,0.537466541599853,2.42096557587995,0.0154793430609762,0.0352235375869165,"ENSG00000175197","DDIT3","No significativo"
8.55056605313122,2.41413286575555,1.00018058607842,2.41369698568241,0.0157915891676043,0.0358234814324733,"ENSG00000005102","MEOX1","UP"
549.77669205211,0.438034504554026,0.181597311475517,2.41211998677129,0.0158600611305945,0.0359502005916783,"ENSG00000174796","THAP6","No significativo"
387.857978997093,-1.29277686597248,0.536320694906258,-2.41045493535998,0.015932639495484,0.0360936667854408,"ENSG00000102878","HSF4","No significativo"
1169.03775181602,-0.744726159779819,0.309520928431281,-2.4060607583282,0.0161255825559711,0.0364612127628586,"ENSG00000189180","ZNF33A","No significativo"
811.579893165713,0.825741224733135,0.344163547969315,2.39926985180533,0.0164278031680959,0.0370049382943473,"ENSG00000128604","IRF5","No significativo"
5049.78946751416,0.538586719174693,0.226215444356315,2.38085741982478,0.0172723958571332,0.0385809126352232,"ENSG00000175387","SMAD2","No significativo"
567.411528401454,0.733895157906833,0.308564158697685,2.37841997270287,0.0173870105662986,0.0387869668074445,"ENSG00000136866","ZFP37","No significativo"
1911.74254405742,0.536960555031074,0.228209914724617,2.35292386695394,0.0186264473183286,0.0410267364511526,"ENSG00000108788","MLX","No significativo"
157.278399018686,-1.50920306940261,0.641772960871375,-2.3516152306471,0.0186920990411265,0.0411387449786268,"ENSG00000204060","FOXO6","No significativo"
3063.40539120006,1.1767452352301,0.505105416559304,2.32970226937161,0.0198218925257357,0.0431495834497074,"ENSG00000204103","MAFB","No significativo"
5.03298092759257,2.0851232285528,0.896051333752476,2.32701314088863,0.0199645658561128,0.0433906848121698,"ENSG00000165462","PHOX2A","UP"
2988.71295709752,-0.534974552640976,0.230105159691636,-2.32491332814047,0.0200765951540268,0.0435876193629236,"ENSG00000137504","CREBZF","No significativo"
90.4024855882521,1.5747710651421,0.679271910867792,2.31832207389567,0.0204318236218892,0.0442218923108639,"ENSG00000052850","ALX4","No significativo"
3.52319755646534,-1.77161164790173,0.766495359359977,-2.3113142516362,0.0208155033917504,0.0448638208751421,"ENSG00000273514","FOXD4L6","No significativo"
177.2556262844,1.41299686624129,0.613691306059839,2.30245540761092,0.0213095034002713,0.0457394797633233,"ENSG00000158055","GRHL3","No significativo"
35.2247134639652,1.59006282710847,0.692083385185993,2.29750180562585,0.0215901601812202,0.0462397555033276,"ENSG00000186564","FOXD2","No significativo"
43.7628335558254,-2.54208328585388,1.10853481665491,-2.29319210155692,0.0218369476834243,0.0466724504923855,"ENSG00000148704","VAX1","DOWN"
7.88197931531344,2.75431378385677,1.20648674561139,2.28292088071057,0.0224350292727369,0.0477454853722767,"ENSG00000106038","EVX1","UP"
8.38802040357296,-1.19109154902776,0.52230023918326,-2.28047291513845,0.0225796553899583,0.0480054858290711,"ENSG00000039600","SOX30","No significativo"
30.3513000307541,-2.99360653560637,1.31440643015847,-2.2775349137979,0.0227543021723061,0.0483119325643705,"ENSG00000009709","PAX7","DOWN"
137.714122647963,-1.7610571866422,0.777125614334917,-2.26611651212829,0.023444250517149,0.0495113019540522,"ENSG00000178860","MSC","No significativo"
1604.28615769495,-0.452941800098838,0.19991265859086,-2.26569844696941,0.0234698527003055,0.049548239367351,"ENSG00000116809","ZBTB17","No significativo"
15.0923998630147,2.66634939670187,1.17794804324282,2.26355433246578,0.02360153932214,0.0497670170994183,"ENSG00000171956","FOXB1","UP"
4310.52686845173,0.61092144296196,0.271658468350509,2.2488584533051,0.0245215030252745,0.051284773275859,"ENSG00000135164","DMTF1","No significativo"
2969.05004832695,-0.760966863050014,0.341370004395138,-2.22915561781225,0.0258035523909439,0.0535470049300907,"ENSG00000175745","NR2F1","No significativo"
1070.66618555689,0.606797404064851,0.27393428762849,2.21512030975761,0.0267518077586866,0.0551292833318959,"ENSG00000083814","ZNF671","No significativo"
1576.87687156276,0.489326030077345,0.221048222413992,2.21366190930459,0.0268520450746675,0.0552854476456667,"ENSG00000006704","GTF2IRD1","No significativo"
1390.88107753999,0.959234309904923,0.438622383715071,2.18692512174217,0.0287479906657029,0.0584460005179715,"ENSG00000100968","NFATC4","No significativo"
3436.12554483324,-0.610195949164263,0.280563628856969,-2.17489327340908,0.0296381151134049,0.0598854916073839,"ENSG00000186350","RXRA","No significativo"
7193.8312423251,0.514219955500823,0.236893579540732,2.17067915685071,0.0299554338307088,0.0604039088992461,"ENSG00000074657","ZNF532","No significativo"
2486.27625219099,-2.09253385570955,0.96774111732023,-2.1622868123078,0.0305960755951973,0.0614378624066055,"ENSG00000100146","SOX10","No significativo"
503.83661901646,0.417553397299781,0.193427414384487,2.15870846761041,0.0308727914474319,0.0618830783328416,"ENSG00000170448","NFXL1","No significativo"
79.355080816895,1.93585885802777,0.899027734620737,2.15328046452808,0.0312966431542937,0.0625888948245152,"ENSG00000108001","EBF3","No significativo"
400.767944357479,1.08372047791146,0.505191983436013,2.14516562701696,0.0319396067997486,0.0636781576022032,"ENSG00000124813","RUNX2","No significativo"
47.1897975283541,1.65853040922535,0.774735158276883,2.1407708060057,0.0322925253285137,0.0642559337989231,"ENSG00000139445","FOXN4","No significativo"
1660.60836097,-0.512481473097184,0.240758184522477,-2.12861495908705,0.0332861298442398,0.0658469072707579,"ENSG00000204304","PBX2","No significativo"
1623.10578657323,-1.3310440850636,0.625562596141583,-2.12775522909038,0.0333573831518936,0.0659420977125857,"ENSG00000198963","RORB","No significativo"
5599.50588133149,-0.669692643723863,0.31737981250933,-2.1100669208574,0.0348525920651992,0.0682916584451547,"ENSG00000105698","USF2","No significativo"
90.3988781081426,0.589164039619137,0.279803851618316,2.10563234284145,0.0352363009585743,0.0688793727465717,"ENSG00000197054","ZNF763","No significativo"
1273.85213656914,-0.492297778245496,0.234720685882458,-2.0973770436749,0.0359602115966364,0.0700093338493597,"ENSG00000162702","ZNF281","No significativo"
1578.80691005356,0.484026407778196,0.232775310890073,2.07937175951952,0.0375831941011866,0.0725810582739131,"ENSG00000168310","IRF2","No significativo"
121.571567919748,-1.27060840123373,0.61234061812745,-2.07500264333154,0.0379862897884936,0.07319422228421,"ENSG00000102554","KLF5","No significativo"
7.35831159264775,1.27004636729698,0.612974168363518,2.07194109123337,0.0382709352558346,0.0736637726268192,"ENSG00000213999","MEF2B","No significativo"
6.63785443703533,1.41856584855293,0.689829158352268,2.05640169218322,0.0397438133306782,0.0758831038036888,"ENSG00000135100","HNF1A","No significativo"
78.97049537924,-0.758228616731284,0.370479717665668,-2.04661302785685,0.0406960946811192,0.0773593082417025,"ENSG00000164736","SOX17","No significativo"
233.476404483149,-1.50410475386282,0.737154561364536,-2.04041978805448,0.0413085326671495,0.0782877742221677,"ENSG00000128573","FOXP2","No significativo"
21.0366232546411,-2.37450944703922,1.16534833944117,-2.03759628488241,0.0415903238928573,0.0786993275376417,"ENSG00000075891","PAX2","No significativo"
4.34652875126889,-1.41022898982878,0.69353063039796,-2.03340548782908,0.0420115733701041,0.0793624124143121,"ENSG00000187559","FOXD4L3","No significativo"
2.39674223969169,-1.35813335203591,0.669042033961744,-2.02996715168059,0.0423598783561708,0.0798933091695984,"ENSG00000107859","PITX3","No significativo"
151.988382860058,-1.53310293079641,0.756807836871258,-2.02574928020627,0.0427904838623875,0.0805704033161927,"ENSG00000143171","RXRG","No significativo"
61.5193558243189,1.61659058890767,0.800160175454973,2.02033372629232,0.0433487827229616,0.0813815105548043,"ENSG00000184058","TBX1","No significativo"
1238.38808252135,0.865950545914269,0.430409445996344,2.01192272606774,0.0442280833485203,0.0826750852185077,"ENSG00000101412","E2F1","No significativo"
26.3950919107049,2.35747059172187,1.17562892333007,2.00528461399549,0.0449326287277608,0.0837847538819394,"ENSG00000273706","LHX1","No significativo"
130.91672012058,-0.498891974286443,0.249933181808303,-1.99610140068993,0.04592288661294,0.0853051582125296,"ENSG00000129535","NRL","No significativo"
2013.42820220831,-0.429354805204515,0.215189256873248,-1.99524275255719,0.0460164102712235,0.0854293627704704,"ENSG00000125952","MAX","No significativo"
9.06325194163169,1.84036186702765,0.92322157320099,1.99341297955891,0.046216243754776,0.0856924516141785,"ENSG00000176083","ZNF683","No significativo"
16.3133514995293,0.988686141921924,0.496141484126895,1.99275040195803,0.046288785273725,0.0858083499652572,"ENSG00000184492","FOXD4L1","No significativo"
3963.22466124181,-0.867151918137968,0.437203027937101,-1.98340785110647,0.0473218908655326,0.0873184053054366,"ENSG00000134107","BHLHE40","No significativo"
3.88915914336686,1.79768850360891,0.91091644932887,1.97349439120721,0.0484392629564307,0.0890075880453869,"ENSG00000111704","NANOG","No significativo"
14.8054434111826,1.23095072551601,0.624801360579062,1.97014731910182,0.0488214891248495,0.0895861661194098,"ENSG00000269404","SPIB","No significativo"
192.285703144774,1.28520785198279,0.654610937215855,1.96331558016575,0.049609516201181,0.0907406777983357,"ENSG00000111424","VDR","No significativo"
1506.35510528395,0.969257802942539,0.496952155469353,1.95040466627438,0.0511279061341245,0.0928980062288272,"ENSG00000066336","SPI1","No significativo"
2413.27201298689,0.454555850585529,0.234261637373452,1.94037681833877,0.0523339117565226,0.094698932031556,"ENSG00000143437","ARNT","No significativo"
1848.73954611155,-0.377696730691676,0.196948224353627,-1.91774631089595,0.0551431864604,0.098741821906664,"ENSG00000066136","NFYC","No significativo"
73.0937316571803,1.36176111834648,0.710338707962733,1.91705886653993,0.0552304535355808,0.0988663411035258,"ENSG00000163623","NKX6-1","No significativo"
4717.45688139713,-0.389953312083442,0.203888504996564,-1.9125811535575,0.055801694279938,0.0996705256214934,"ENSG00000146676","PURB","No significativo"
1166.11562209185,0.501304528127649,0.262966031001685,1.90634709060364,0.0566051884055262,0.100802500652023,"ENSG00000204946","ZNF783","No significativo"
1952.76656631551,0.888289673539768,0.466091908263725,1.90582513403591,0.0566728968512476,0.100885259614005,"ENSG00000134532","SOX5","No significativo"
32.9231944361834,-1.13383057586931,0.595093825169541,-1.90529716141195,0.0567414542592877,0.100973669611868,"ENSG00000135373","EHF","No significativo"
3818.48546378931,-0.595118141048235,0.31306508517579,-1.90094063256549,0.0573097891468869,0.101781709431088,"ENSG00000068323","TFE3","No significativo"
2114.5398487072,-0.503254649464002,0.265825857581408,-1.8931741781737,0.058334710129178,0.103265877498809,"ENSG00000112658","SRF","No significativo"
2636.70837406766,0.297653424615205,0.158054441519404,1.88323353493779,0.059668726258072,0.105150052698198,"ENSG00000205250","E2F4","No significativo"
255.904292544124,-0.667277644480795,0.35439318469341,-1.88287380599056,0.0597174718085808,0.10522294330007,"ENSG00000197483","ZNF628","No significativo"
1123.9922039303,-1.05976615705419,0.56502542302958,-1.87560791755508,0.0607091384125317,0.106706430613525,"ENSG00000185551","NR2F2","No significativo"
119.910505406684,1.2490730225391,0.666423634777299,1.87429280319042,0.060890078924095,0.106976090091529,"ENSG00000125618","PAX8","No significativo"
559.199317837918,-0.76022510355075,0.40611130222625,-1.87196243833475,0.0612118002739845,0.107426546168976,"ENSG00000133250","ZNF414","No significativo"
10.4422902823907,0.891328995614548,0.476176324285112,1.87184652019965,0.0612278401788124,0.107441466080829,"ENSG00000091010","POU4F3","No significativo"
39.5930599316288,0.918184135813344,0.492398444124739,1.86471778448743,0.0622209725888949,0.108884792083796,"ENSG00000123405","NFE2","No significativo"
633.449206485124,0.425278142335983,0.229149259897721,1.85590013481083,0.0634677937791272,0.110582414776452,"ENSG00000256683","ZNF350","No significativo"
9885.45505988096,0.68036217143274,0.369718203702453,1.84021821111165,0.0657362073848049,0.113737577660736,"ENSG00000115415","STAT1","No significativo"
962.005252865589,-0.695749971271998,0.37865025048797,-1.83744753998018,0.0661438541763669,0.114308749566263,"ENSG00000075407","ZNF37A","No significativo"
13.779018596626,-1.19766334267423,0.659311179668985,-1.81653728862224,0.0692879933240203,0.118603031293191,"ENSG00000125878","TCF15","No significativo"
797.472296221577,0.810506443331034,0.446489255612242,1.8152876763398,0.0694797118590296,0.118877312523271,"ENSG00000030419","IKZF2","No significativo"
14257.3891930401,0.552096840914423,0.304269209260193,1.81450118550215,0.0696006003890732,0.119017472037898,"ENSG00000196628","TCF4","No significativo"
763.042781495545,1.4101874684782,0.78062571163424,1.80648350094179,0.0708428490308471,0.120673586550812,"ENSG00000173404","INSM1","No significativo"
3521.91700186084,0.322910477723228,0.178940969933906,1.80456425290697,0.071142896141822,0.121112311289054,"ENSG00000141646","SMAD4","No significativo"
59.0389658224037,-0.690838130196294,0.382878217316205,-1.80432863232268,0.0711798037601335,0.12115584671067,"ENSG00000143257","NR1I3","No significativo"
3480.89950112125,0.446576315166731,0.24856567116031,1.79661299600264,0.0723970797804291,0.122836584927453,"ENSG00000165156","ZHX1","No significativo"
1.28850413749132,2.54955255303895,1.42320926918008,1.79141086855608,0.0732273860959411,0.123896298021612,"ENSG00000204612","FOXB2","No significativo"
1008.69800712771,0.322350161385034,0.180394840744408,1.78691452624055,0.0739513043296229,0.124878985751251,"ENSG00000197062","ZSCAN26","No significativo"
305.12765355249,1.17554398394633,0.65868051442933,1.78469524783924,0.0743107621806178,0.125337485544642,"ENSG00000122691","TWIST1","No significativo"
533.604184046424,-1.009691931154,0.56619037619839,-1.78330818325356,0.0745361500419012,0.125618532413936,"ENSG00000142611","PRDM16","No significativo"
2418.04131416844,0.745304936285075,0.418985328924388,1.77883301593974,0.075267142569973,0.126625898676543,"ENSG00000118922","KLF12","No significativo"
220.255574563781,-0.679543994064657,0.382671793087606,-1.7757880417099,0.0757678594544132,0.127307987845025,"ENSG00000166823","MESP1","No significativo"
1764.68672236241,0.956927088666272,0.539477833204901,1.77380242480291,0.0760958369089195,0.127722328792199,"ENSG00000106546","AHR","No significativo"
734.81450730257,-0.860084895333983,0.486559115248298,-1.76768838231521,0.0771130132588832,0.129086254322687,"ENSG00000261221","ZNF865","No significativo"
676.40580987791,0.742390354507438,0.422596794141821,1.75673446840748,0.0789630795032681,0.131539501707299,"ENSG00000182983","ZNF662","No significativo"
2214.32399146756,-0.364191726126675,0.207320734799329,-1.75665847643838,0.0789760392100359,0.131554448337849,"ENSG00000086102","NFX1","No significativo"
269.910956125487,-0.441470686612255,0.251810507515422,-1.75318611986522,0.079570064756568,0.132385589275714,"ENSG00000102984","ZNF821","No significativo"
49.8920180440458,1.07443923837179,0.616127660999195,1.74385814236831,0.0811838290198908,0.134536528716076,"ENSG00000163435","ELF3","No significativo"
608.335759133256,-0.39255235784466,0.226716012922986,-1.7314716891127,0.0833676700643908,0.137510665417142,"ENSG00000112365","ZBTB24","No significativo"
1984.82929550823,-0.601288996725003,0.34747890910153,-1.73043307370725,0.0835529289869406,0.13774184857706,"ENSG00000166888","STAT6","No significativo"
129.499951386385,0.540882689939227,0.313624695405475,1.72461766519992,0.0845963977649117,0.139172303933602,"ENSG00000143178","TBX19","No significativo"
16.030131940144,1.64339245211374,0.957223744058766,1.71683210149544,0.0860098537369049,0.141030960125358,"ENSG00000135374","ELF5","No significativo"
1989.75040142689,0.393697817914945,0.229341411500231,1.71664513329529,0.0860440306875679,0.141081589910969,"ENSG00000121864","ZNF639","No significativo"
2136.25209636128,0.337961304199147,0.19756410597904,1.71064122465141,0.0871473638891963,0.142491772000396,"ENSG00000170265","ZNF282","No significativo"
30.4910293964326,-0.805157311578719,0.471166278027475,-1.70886022435538,0.0874768438651469,0.142932108420288,"ENSG00000049768","FOXP3","No significativo"
290.073700581836,0.732153948382164,0.429541866847526,1.7044996189907,0.0882877871806458,0.143976540542464,"ENSG00000213928","IRF9","No significativo"
55.1890666563047,-1.131886552006,0.665280782816095,-1.70136667290282,0.0888741553441066,0.144716860427129,"ENSG00000100987","VSX1","No significativo"
4327.43863343468,-0.445816270420307,0.262108471235382,-1.70088463115696,0.0889646531081477,0.14482442716836,"ENSG00000168214","RBPJ","No significativo"
4008.01069280539,0.339103530031524,0.200352315431583,1.69253611719462,0.0905437997658757,0.14689918974689,"ENSG00000118217","ATF6","No significativo"
4.56219436979314,-2.01592452640203,1.1924774821065,-1.69053466975403,0.0909257112567231,0.147299293304059,"ENSG00000136327","NKX2-8","No significativo"
1876.40196099945,-0.423442478406578,0.250487835586077,-1.69047122554208,0.0909378386828226,0.147307149785763,"ENSG00000135457","TFCP2","No significativo"
154.249202600814,-0.671398117446545,0.399239608821624,-1.68169215331167,0.092628550387371,0.149470465672069,"ENSG00000180592","SKIDA1","No significativo"
25.1555061869205,0.858207684116836,0.513958640541998,1.66979911693246,0.0949591151771172,0.152437277553144,"ENSG00000267281","ATF7-NPFF","No significativo"
7099.034552183,0.515119403568984,0.308657303182588,1.66890398593375,0.0951364095510562,0.152676029845532,"ENSG00000170581","STAT2","No significativo"
1084.01918953403,0.250371061786811,0.15014448253159,1.66753421481294,0.0954082268765111,0.153008872756423,"ENSG00000106459","NRF1","No significativo"
530.477712487572,0.729166200272019,0.437690607761688,1.66593979249614,0.0957254068910165,0.153419717461549,"ENSG00000245848","CEBPA","No significativo"
144.782242299974,1.15965035432868,0.701214017867734,1.65377520240535,0.0981731961962212,0.156603169294203,"ENSG00000260428","SCX","No significativo"
1524.6802957855,0.656999909359798,0.397896792371453,1.65118171836495,0.0987014749258561,0.157255801637034,"ENSG00000125520","SLC2A4RG","No significativo"
2686.90102131158,0.555522851991453,0.337190308533099,1.64750539364011,0.0994542085025019,0.158262815621775,"ENSG00000186918","ZNF395","No significativo"
826.980194815628,-0.455674209639304,0.277072758015919,-1.64460126972541,0.100052064852744,0.159018888443564,"ENSG00000138380","CARF","No significativo"
2921.3541462439,-0.36802028524341,0.224702632914109,-1.6378102938566,0.101461273558454,0.160852045737442,"ENSG00000131408","NR1H2","No significativo"
250.453467387131,1.33012790622379,0.820133309381885,1.62184353568846,0.104836854032014,0.165119879465386,"ENSG00000119547","ONECUT2","No significativo"
759.386182148165,-0.420041042052423,0.259402912004672,-1.61926109004072,0.105391098769863,0.165785188554616,"ENSG00000160113","NR2F6","No significativo"
790.569654536774,1.01750609114188,0.628801828409763,1.61816655927218,0.105626707506525,0.166076382027524,"ENSG00000152284","TCF7L1","No significativo"
243.020053856026,0.349843331233068,0.219126821639944,1.59653359006827,0.110369712485781,0.172178845474114,"ENSG00000159885","ZNF222","No significativo"
835.928929263588,0.599284219810182,0.379860156003573,1.57764432604652,0.114647343120745,0.177486070746995,"ENSG00000101096","NFATC2","No significativo"
21.3481143344634,1.7921041737277,1.13841787039624,1.57420593995414,0.115439846561056,0.178428280353217,"ENSG00000141448","GATA6","No significativo"
1607.91789170866,0.502647834724607,0.320540887133253,1.56812392709093,0.116852213519471,0.180187900081219,"ENSG00000165030","NFIL3","No significativo"
5188.4345174389,0.330345603421664,0.210686893969942,1.56794567140372,0.116893811892144,0.180232545348974,"ENSG00000116044","NFE2L2","No significativo"
868.01352753113,0.696005877085827,0.44545987884932,1.56244346602819,0.118183554212142,0.181742707072671,"ENSG00000168874","ATOH8","No significativo"
0.93970598676664,2.17105689145499,1.3913490946432,1.56039695559779,0.118666103831507,0.182347047673809,"ENSG00000268480","NFILZ","No significativo"
642.204274899112,-0.744523641061003,0.477418259166387,-1.5594787731014,0.118883104795538,0.182589655718549,"ENSG00000225614","ZNF469","No significativo"
1082.90411492501,-0.327524407202072,0.211957944679837,-1.54523298334865,0.122289918950537,0.186707733067955,"ENSG00000188786","MTF1","No significativo"
493.71466733533,-0.475987938276801,0.3089637384429,-1.54059483056381,0.123415426853369,0.188071248331552,"ENSG00000196456","ZNF775","No significativo"
5.5546020097719,2.97796477132867,1.93425003360153,1.53959659795573,0.123658715266085,0.188380506952363,"ENSG00000139515","PDX1","No significativo"
886.183016912042,0.665448441539257,0.433248831920696,1.53594976491723,0.124550701441549,0.189402595380668,"ENSG00000163909","HEYL","No significativo"
4.70800716590225,-1.67801214546621,1.09579430395777,-1.53132037591872,0.125690232110456,0.190856497419801,"ENSG00000253831","ETV3L","No significativo"
4162.68170146968,0.532686175432821,0.349192862605206,1.52547841745285,0.127139812725578,0.192694940721972,"ENSG00000113916","BCL6","No significativo"
2170.9411038398,-0.575823246686795,0.378740593156786,-1.52036316436887,0.128419726990252,0.194180509492598,"ENSG00000134852","CLOCK","No significativo"
1213.29552192404,0.359857449642576,0.239066549595385,1.50526056552716,0.132257099391806,0.198997670362651,"ENSG00000125846","ZNF133","No significativo"
10.3869346973017,0.974084131912957,0.647230272494758,1.50500397356004,0.132323055152387,0.19908289767939,"ENSG00000176160","HSF5","No significativo"
40.7540341324417,0.712951836791968,0.474273614849189,1.50325005328132,0.132774574621859,0.199593660552925,"ENSG00000183770","FOXL2","No significativo"
4.18585895298016,2.15216522557074,1.43331476535558,1.50153007391703,0.133218514180043,0.200127328044273,"ENSG00000151615","POU4F2","No significativo"
569.284278621841,0.506180363265874,0.339015533860378,1.49308899654829,0.135413892447424,0.202741501483805,"ENSG00000172819","RARG","No significativo"
199.302172371966,0.649225890116551,0.43538267721971,1.49116150937013,0.135919096496532,0.203327017315171,"ENSG00000132170","PPARG","No significativo"
17.9259698136008,1.91531104989418,1.28943719193545,1.48538529978284,0.137441787489706,0.205278898698466,"ENSG00000163497","FEV","No significativo"
1698.69218061974,0.545176115615185,0.368062631712296,1.48120474246169,0.138552022850445,0.206672789597282,"ENSG00000150907","FOXO1","No significativo"
101.98295980049,0.87412898454084,0.593196010207725,1.47359215082168,0.140591435988718,0.20908031124377,"ENSG00000161405","IKZF3","No significativo"
91.7238849028651,-1.37033647744324,0.932454485993475,-1.46960146369313,0.141669723632632,0.210361950802586,"ENSG00000115844","DLX2","No significativo"
3548.64194154502,0.387659212030643,0.263969021182705,1.46857843505177,0.141947167552217,0.210678805992437,"ENSG00000173039","RELA","No significativo"
4345.52629776747,0.323281796890337,0.221413202351031,1.46008365109955,0.144267085246439,0.213384254672884,"ENSG00000113580","NR3C1","No significativo"
2029.19231684938,0.709434220362415,0.487495906427562,1.45526190273319,0.145596769311034,0.214961362756626,"ENSG00000162772","ATF3","No significativo"
453.170953070984,0.468295930614818,0.322948748383213,1.45006268938728,0.147041038380264,0.216712063631896,"ENSG00000267508","ZNF285","No significativo"
173.739228579625,-0.674641014526168,0.471118152946398,-1.43199961688363,0.152143930960889,0.222804331133156,"ENSG00000179348","GATA2","No significativo"
136.098540981397,0.636099224253791,0.450901553248021,1.41072750730557,0.158324976885118,0.23008296637472,"ENSG00000091831","ESR1","No significativo"
1187.55074834081,0.694219482217148,0.495410991207292,1.40130012159272,0.16112434486146,0.233278938549419,"ENSG00000172216","CEBPB","No significativo"
8062.29614863859,0.556770603463342,0.399168526134299,1.39482591189071,0.163068343025283,0.235455664687695,"ENSG00000125398","SOX9","No significativo"
14.5971731437376,1.2895598872265,0.9302119939484,1.38630752518338,0.165653020003869,0.238446881777048,"ENSG00000012504","NR1H4","No significativo"
2896.50631596558,0.711393003623407,0.513948093857162,1.38417286127949,0.16630553108169,0.239197777319289,"ENSG00000167232","ZNF91","No significativo"
1018.305788016,-0.348812686461403,0.252864608847345,-1.37944447050707,0.167757756029765,0.240908792052282,"ENSG00000025156","HSF2","No significativo"
32.6399860498019,0.943460743814856,0.684020142136986,1.3792879561519,0.167805988420635,0.240969962952177,"ENSG00000120669","SOHLH2","No significativo"
266.03417007847,-1.17786285284208,0.858251817920635,-1.37239773717672,0.169939654171896,0.243371844635174,"ENSG00000182968","SOX1","No significativo"
351.413784837785,-0.589312999541883,0.430892283178867,-1.3676573532352,0.171419354910822,0.244990385330147,"ENSG00000196482","ESRRG","No significativo"
2.46936007474414,-1.85855795549607,1.37337086541917,-1.3532819155362,0.175965584353787,0.250303335332261,"ENSG00000214336","FOXI3","No significativo"
7.24977330879655,0.87633937848322,0.649359775019608,1.34954367701134,0.177162401163091,0.251650536079541,"ENSG00000205922","ONECUT3","No significativo"
1662.97856185101,-0.93269854189455,0.691145317421233,-1.34949701370269,0.177177378890228,0.251663450575028,"ENSG00000176165","FOXG1","No significativo"
2019.64803324529,0.241115132142587,0.180390268552747,1.33663048498696,0.181343283064194,0.256191837418443,"ENSG00000181220","ZNF746","No significativo"
751.708892104459,-0.489655367265623,0.367781186395566,-1.33137687673609,0.183065034001786,0.258122663857485,"ENSG00000161298","ZNF382","No significativo"
681.334661595617,0.469186937790406,0.354508856244622,1.32348439122393,0.185674343658667,0.261224635971624,"ENSG00000104856","RELB","No significativo"
1900.23243109221,-0.364252872620455,0.27831732152481,-1.30876824562996,0.190612866378488,0.266733245876126,"ENSG00000160094","ZNF362","No significativo"
1908.51415237106,-0.478741289564401,0.371534120960405,-1.28855268616209,0.19755364119014,0.274398240469312,"ENSG00000119042","SATB2","No significativo"
2696.85641923823,0.221253052524796,0.171936541180246,1.28682972802652,0.198153642804121,0.275079717707006,"ENSG00000118260","CREB1","No significativo"
2777.18720302892,-0.197066165643268,0.155501080665045,-1.2672977242374,0.205048853961002,0.283016135606254,"ENSG00000102974","CTCF","No significativo"
1.83162277606924,1.87276940648053,1.48137274259556,1.26421214096271,0.206153894276566,0.284173906403024,"ENSG00000129152","MYOD1","No significativo"
5305.41967656284,0.458431509635836,0.362615150660316,1.26423705352918,0.206144955049883,0.284173906403024,"ENSG00000244405","ETV5","No significativo"
1894.55478502335,0.396269582385424,0.315277965318777,1.25688955771062,0.208793630271869,0.28722055368169,"ENSG00000133794","BMAL1","No significativo"
894.822486099807,-0.264162561437639,0.210881855271249,-1.25265666454735,0.210330683381773,0.288925947097426,"ENSG00000120798","NR2C1","No significativo"
2626.05045226977,0.276338771598635,0.221377486174277,1.24826953442361,0.211932367101472,0.290733836632368,"ENSG00000153879","CEBPG","No significativo"
359.635995695368,-0.501643335581359,0.404204290512872,-1.24106385645945,0.214582160212079,0.293784483643544,"ENSG00000162367","TAL1","No significativo"
6.91959599068373,1.12711407145868,0.90969208504098,1.23900613184724,0.215343227247809,0.294612695521264,"ENSG00000176302","FOXR1","No significativo"
21.3267681310652,-1.13199891848493,0.914030881513545,-1.23846900731675,0.215542207033201,0.29476853178054,"ENSG00000115297","TLX2","No significativo"
4899.35852137539,-0.383447570201071,0.310149786476636,-1.23633027305004,0.21633582268849,0.29567417116391,"ENSG00000164916","FOXK1","No significativo"
6304.18484652292,0.252541457788383,0.205037809558401,1.23168238254346,0.218067753343054,0.297736713810479,"ENSG00000172466","ZNF24","No significativo"
14.0430467483167,0.725276718502997,0.589839022093765,1.22961806753386,0.218840161017541,0.298591082893289,"ENSG00000122180","MYOG","No significativo"
21.7666972377889,1.01791877004224,0.842586433837805,1.20808824965984,0.227013318989238,0.307534645460454,"ENSG00000137709","POU2F3","No significativo"
3970.86937709875,-0.469151969814843,0.392106013441429,-1.19649266711622,0.231504358448719,0.312470227103727,"ENSG00000119138","KLF9","No significativo"
1091.86720239421,0.240108261038006,0.20081684078961,1.19565799409005,0.231830049951991,0.312850569555526,"ENSG00000204859","ZBTB48","No significativo"
2174.06285492451,0.35234301769527,0.298530512520577,1.1802579733654,0.237897627750213,0.319231153011289,"ENSG00000158711","ELK4","No significativo"
433.324843363865,-0.537981534385133,0.456602462484048,-1.17822740477211,0.238705960006793,0.320138977196777,"ENSG00000127528","KLF2","No significativo"
1132.23053983414,-0.220025852639589,0.187209080496965,-1.17529476698196,0.239876807390595,0.321447101062453,"ENSG00000001167","NFYA","No significativo"
3580.62414376766,-0.604355095421324,0.514496820206663,-1.17465273192275,0.240133677336439,0.321720738292728,"ENSG00000109906","ZBTB16","No significativo"
1042.37926245757,0.508826126500621,0.433348270359651,1.17417366424084,0.240325472386989,0.321897005915997,"ENSG00000007372","PAX6","No significativo"
19.7125184037724,0.817650288114291,0.701809906463571,1.16505948488878,0.243994915193526,0.325923664873304,"ENSG00000163508","EOMES","No significativo"
1094.15510375481,0.963477361593314,0.839960456452701,1.14705085720612,0.25136060255228,0.334196501238466,"ENSG00000196132","MYT1","No significativo"
355.57123962489,-0.325993151046179,0.286054604995019,-1.13961860901297,0.25444522909635,0.33745819226628,"ENSG00000127903","ZNF835","No significativo"
1.48436890975569,-1.60236108233394,1.42703408985265,-1.12286111013605,0.261496486543398,0.345107885521824,"ENSG00000164458","TBXT","No significativo"
2724.42640247129,-0.374537957034505,0.333703233304506,-1.12236837901039,0.261705843424085,0.345299210398668,"ENSG00000112033","PPARD","No significativo"
1620.39969642069,-0.298425051738483,0.270744248618325,-1.10223967179883,0.270357489018388,0.354609913542835,"ENSG00000164463","CREBRF","No significativo"
3152.73968714985,0.259906606314071,0.237375175101086,1.09491907147995,0.273552092987414,0.358100142056912,"ENSG00000163848","ZNF148","No significativo"
62.9173472352679,0.470877567309004,0.435335902064503,1.08164193459798,0.279411663440211,0.364400521285421,"ENSG00000119715","ESRRB","No significativo"
0.91636756650424,1.57648967351306,1.45787052086169,1.08136466918973,0.279534931231269,0.364525895286549,"ENSG00000274529","SEBOX","No significativo"
0.981991015653966,1.57824246698286,1.4700589032862,1.07359131219492,0.283005893127686,0.368061712603773,"ENSG00000113196","HAND1","No significativo"
1273.6002663747,-0.290774664816865,0.272193370776934,-1.06826504990512,0.285400969143478,0.370505569418022,"ENSG00000140548","ZNF710","No significativo"
1.42151516113564,2.16298903464893,2.04477253363227,1.05781401064042,0.290140244010599,0.37533360804675,"ENSG00000164438","TLX3","No significativo"
95.0472944437142,0.562751554156654,0.532788516659676,1.05623814432945,0.290859427865354,0.376138782241143,"ENSG00000176678","FOXL1","No significativo"
1.0400358192791,1.68067925650322,1.59840097122699,1.05147537242365,0.293040314593698,0.37842116372947,"ENSG00000172238","ATOH1","No significativo"
670.846388685124,0.445937099973789,0.426374637760325,1.04588092367835,0.295616012834683,0.38110275163639,"ENSG00000196724","ZNF418","No significativo"
7.89516553798212,-0.707414064626639,0.68802975422527,-1.02817365133169,0.303868150331884,0.389837089046458,"ENSG00000101883","RHOXF1","No significativo"
799.730676512949,0.321730775916511,0.314216239629506,1.0239151747722,0.305875342069373,0.391929994931229,"ENSG00000077150","NFKB2","No significativo"
704.442416648918,0.228329889367418,0.224728198684343,1.01602687470536,0.309616589015059,0.395834125598519,"ENSG00000229809","ZNF688","No significativo"
3030.07770372528,-0.212819868291764,0.209786403050373,-1.01445978002999,0.310363411711189,0.396564221107285,"ENSG00000166716","ZNF592","No significativo"
875.431231970944,0.418324852476101,0.415966778101954,1.00566890073507,0.314574867861721,0.401038942096801,"ENSG00000165512","ZNF22","No significativo"
15.0768071466709,-0.772827637124085,0.769083806343529,-1.00486791003747,0.314960458273889,0.401369942608986,"ENSG00000182759","MAFA","No significativo"
1027.79893756191,0.417514341852191,0.416289194895584,1.00294301887157,0.315888354838211,0.402264664874237,"ENSG00000140968","IRF8","No significativo"
14220.155956455,-0.351854002909137,0.351960059087431,-0.999698669847457,0.317456355984483,0.40386448310954,"ENSG00000008441","NFIX","No significativo"
2859.74855799172,0.291194541079517,0.29159826123339,0.998615491902575,0.317980992542288,0.404344925520874,"ENSG00000053254","FOXN3","No significativo"
6164.98142445674,-0.376980527410578,0.383219150311174,-0.98372048240405,0.325252966089322,0.411773933943717,"ENSG00000141905","NFIC","No significativo"
661.470081938841,0.188454120305682,0.192050711322475,0.981272701402523,0.326458280871232,0.413030824536507,"ENSG00000166261","ZNF202","No significativo"
1824.51696082574,0.222618798559445,0.23170907208415,0.960768590357982,0.336668534816211,0.423629680492547,"ENSG00000126456","IRF3","No significativo"
37.5096703831339,0.631334210569695,0.666189113976652,0.947680166673845,0.343292300733117,0.430355906483886,"ENSG00000269699","ZIM2","No significativo"
151.388840871485,0.507037639301742,0.536047481156828,0.945881954724456,0.344208798411067,0.431188784532462,"ENSG00000149050","ZNF214","No significativo"
171.758706749722,-0.900030593810702,0.952842565684398,-0.944574294038005,0.344876255846126,0.431822480707884,"ENSG00000162992","NEUROD1","No significativo"
456.33506664826,-0.564411597941704,0.601010931715404,-0.939103713689136,0.347677497759719,0.43450009840711,"ENSG00000043355","ZIC2","No significativo"
5488.48918991987,0.408699029440221,0.436672049736755,0.935940437879188,0.349303855362672,0.436216629001162,"ENSG00000075426","FOSL2","No significativo"
2393.40136203034,-0.252798744892906,0.273831465382774,-0.923191001952725,0.355907677166305,0.442962815177264,"ENSG00000144655","CSRNP1","No significativo"
1381.22605948169,-0.22146273659726,0.240160856126508,-0.922143350790697,0.35645380726873,0.443474712293453,"ENSG00000243943","ZNF512","No significativo"
9.84445870015977,0.522074841121254,0.582603828709684,0.896106093702668,0.370196102816252,0.457562939557554,"ENSG00000092067","CEBPE","No significativo"
23.4936049595212,0.585181514062425,0.653573159735874,0.895357322046262,0.370596107024998,0.45793820438321,"ENSG00000143365","RORC","No significativo"
1.42225056933137,-1.00621888655096,1.12576424358585,-0.893809598487418,0.371423772703045,0.458828332643711,"ENSG00000063515","GSC2","No significativo"
1290.03408668531,-0.245933120121235,0.276113297457564,-0.890696400302968,0.373092066474626,0.460423629354795,"ENSG00000160685","ZBTB7B","No significativo"
1687.82595443356,-0.171680775928558,0.193235721573136,-0.888452582839767,0.374297351236007,0.461631240532997,"ENSG00000167967","E4F1","No significativo"
4143.9873611502,-0.161456561664981,0.182148303588188,-0.886401676460365,0.375401116151846,0.462832339195631,"ENSG00000173757","STAT5B","No significativo"
39.5504247254417,0.810653426271517,0.922892455063266,0.878383414908236,0.379735681702728,0.467193006145183,"ENSG00000167157","PRRX2","No significativo"
105.928882756152,0.487276513918127,0.564968199691759,0.862484851685423,0.38842076548634,0.475661081767133,"ENSG00000117595","IRF6","No significativo"
17.1476407793661,0.503164467777403,0.59301951018807,0.848478775374235,0.396171387861229,0.483090920339452,"ENSG00000278570","NR2E3","No significativo"
23.7905449689854,-0.402377542881161,0.474344376767019,-0.848281465090065,0.396281237418541,0.483142197556446,"ENSG00000170122","FOXD4","No significativo"
34.0949814312617,-0.671442680946293,0.794356502676772,-0.84526617291318,0.397962243249429,0.484832221182352,"ENSG00000176692","FOXC2","No significativo"
577.107271814374,-0.275423086989223,0.329908938391854,-0.83484578602743,0.403804542673069,0.490443976409166,"ENSG00000187098","MITF","No significativo"
565.932115691163,0.370313616404529,0.451160889636054,0.820801680534092,0.411759241203633,0.498191512950104,"ENSG00000135547","HEY2","No significativo"
1875.49900302909,-0.145127402594744,0.176915000293191,-0.820322767171989,0.412032130763641,0.498394755433433,"ENSG00000139651","ZNF740","No significativo"
1953.48769190081,0.162018684861912,0.197543517692359,0.820167053591851,0.412120880999459,0.498488005569998,"ENSG00000006194","ZNF263","No significativo"
2131.02044088816,0.285456037262994,0.350024728467627,0.815531058370338,0.414768393993136,0.50103834501948,"ENSG00000143190","POU2F1","No significativo"
32.4497843223548,-0.466827054292706,0.573899300106403,-0.813430255457978,0.415971418521465,0.502236182806378,"ENSG00000137265","IRF4","No significativo"
101.065794888089,-0.930204535747488,1.14723817977823,-0.810820762544098,0.417468609312389,0.503588808812803,"ENSG00000006377","DLX6","No significativo"
10622.7191406668,0.223689016212096,0.276950552646387,0.807685755000837,0.419271506046028,0.505335920620437,"ENSG00000128272","ATF4","No significativo"
3.37352454505797,-0.663069745462653,0.842145983035344,-0.787357250191651,0.431072764633671,0.516719321487016,"ENSG00000186790","FOXE3","No significativo"
228.613319476843,-0.47484843906752,0.606286457479184,-0.783208058187286,0.43350494364114,0.518950944235636,"ENSG00000276644","DACH1","No significativo"
184.342858679402,-0.41472438662558,0.531092383106796,-0.780889351490067,0.434867575532846,0.52023258798181,"ENSG00000159915","ZNF233","No significativo"
1.06128017115564,-0.811345323211159,1.07343258485954,-0.755841898834593,0.449743992492421,0.534351401533844,"ENSG00000186766","FOXI2","No significativo"
4420.60045672277,-0.272706475703901,0.366733070387553,-0.743610265132929,0.457112291210364,0.541405823692009,"ENSG00000198914","POU3F3","No significativo"
211.947740193786,-0.209819646313981,0.286674054019417,-0.731910137566092,0.464223418176154,0.54824883137106,"ENSG00000197114","ZGPAT","No significativo"
1410.78912546009,0.238971247226101,0.329579964193551,0.725078200098843,0.468404057408224,0.55234706645532,"ENSG00000131759","RARA","No significativo"
100.276139211755,0.287456265232427,0.398157586702185,0.721966062767604,0.470315342908825,0.554172930161012,"ENSG00000105717","PBX4","No significativo"
2.48913739067903,0.977223891949087,1.37702016554122,0.709665636279916,0.477911506610398,0.561198683379819,"ENSG00000130700","GATA5","No significativo"
9.22210340473421,1.11080476183387,1.56840530219938,0.708238336274547,0.478797263016487,0.562045205765318,"ENSG00000129514","FOXA1","No significativo"
411.886271637878,-0.276447778236896,0.391281273764252,-0.70651931685199,0.47986524429275,0.56308244827447,"ENSG00000054598","FOXC1","No significativo"
2608.31829313644,-0.169989559156101,0.242891920556896,-0.69985678719306,0.484016746453551,0.567082370474995,"ENSG00000185122","HSF1","No significativo"
3807.22478529768,-0.207451830234895,0.297702273449084,-0.696843285176912,0.485900874106057,0.568884547485013,"ENSG00000118689","FOXO3","No significativo"
150.111535551144,-0.370545958348049,0.534075286804988,-0.693808471395064,0.487802329284403,0.570798144313443,"ENSG00000134317","GRHL1","No significativo"
1164.63659277485,0.327480106462216,0.47351683528612,0.691591263622839,0.489194049617457,0.572050779499453,"ENSG00000125285","SOX21","No significativo"
2680.18582203522,-0.159132928854538,0.23107133791184,-0.68867445998539,0.491028151914242,0.573803347765646,"ENSG00000213676","ATF6B","No significativo"
1513.51898827855,0.184858018906211,0.271672852422465,0.680443471837026,0.496223703174498,0.578799052749325,"ENSG00000181827","RFX7","No significativo"
52.1530072242105,-0.290747914410201,0.429086457659419,-0.677597507961852,0.498026926606723,0.580458969631285,"ENSG00000170684","ZNF296","No significativo"
2859.44599066865,-0.245754947944255,0.364407925423524,-0.674395178586285,0.500060107201006,0.582415897240429,"ENSG00000146592","CREB5","No significativo"
951.003450208495,0.275880706696672,0.426132288923998,0.647406248874691,0.517369052694659,0.598839972551855,"ENSG00000185022","MAFF","No significativo"
7124.90880495659,0.211420096091548,0.32816654042897,0.644246350694943,0.519415698796697,0.600752373258211,"ENSG00000174306","ZHX3","No significativo"
3621.57459530171,-0.188009538580193,0.292812005397351,-0.642082753147575,0.520819453503369,0.601986304429162,"ENSG00000177463","NR2C2","No significativo"
990.173145229991,0.178014487536558,0.281014096551595,0.633471735834698,0.526425632456628,0.607185885269707,"ENSG00000126003","PLAGL2","No significativo"
3792.59953018089,0.292133804638963,0.464855798000023,0.628439627720742,0.529715984228398,0.610371798788735,"ENSG00000164684","ZNF704","No significativo"
2974.7700967368,0.139430554363599,0.222223136693745,0.627434912665075,0.530374188461502,0.610899738047155,"ENSG00000109787","KLF3","No significativo"
115.703754522043,-0.205610731840319,0.328099377011558,-0.626672119018002,0.530874183473336,0.611327429646363,"ENSG00000174586","ZNF497","No significativo"
1177.21403875566,-0.20121832417095,0.32139687473774,-0.626074302480833,0.531266206606641,0.611668450412158,"ENSG00000099326","MZF1","No significativo"
1020.13923153726,0.329928783048016,0.534526723914637,0.617235337892489,0.537079510317107,0.617018544172237,"ENSG00000169136","ATF5","No significativo"
2.614079930085,0.532302994260364,0.864337267366371,0.6158510275535,0.537992845736021,0.617811084391133,"ENSG00000130182","ZSCAN10","No significativo"
833.226559886754,-0.128470158935154,0.212030131497585,-0.605905198604368,0.544577707164502,0.623898315297892,"ENSG00000105497","ZNF175","No significativo"
682.351180519164,-0.177685739831406,0.295197182537234,-0.601922207739885,0.547225920918311,0.626311330925216,"ENSG00000132005","RFX1","No significativo"
299.032138999318,0.482331503724208,0.807197584198258,0.597538339021764,0.550148018001585,0.628746894196883,"ENSG00000115507","OTX1","No significativo"
32.9960950624657,0.510590983938985,0.857422644858028,0.595495100346374,0.551512573279491,0.629959568096041,"ENSG00000170577","SIX2","No significativo"
2269.76930733657,0.211765738415842,0.357461781043824,0.592415048673078,0.553572691665619,0.631883912049412,"ENSG00000080298","RFX3","No significativo"
15.1206372792783,0.419606060656362,0.709830411704123,0.59113564837127,0.554429536036377,0.632541123150395,"ENSG00000083307","GRHL2","No significativo"
852.279530306437,-0.332562464238747,0.565478560765304,-0.588107997920675,0.556459805126348,0.634292717296186,"ENSG00000122877","EGR2","No significativo"
344.39105929483,-0.343058622398745,0.586038382055651,-0.585385928470069,0.558288248270656,0.635891489685619,"ENSG00000125820","NKX2-2","No significativo"
1074.04792280556,-0.21033134853537,0.360819798531509,-0.582926295595176,0.559942917952079,0.637487467858053,"ENSG00000181894","ZNF329","No significativo"
1384.67138008815,-0.195269257686781,0.335567543278229,-0.58190746273956,0.560629013499595,0.638149634752341,"ENSG00000095794","CREM","No significativo"
9608.49040776052,0.187978103933034,0.323137422941191,0.581728053105273,0.560749872471664,0.638270213429638,"ENSG00000116016","EPAS1","No significativo"
582.062077613145,0.242511263923112,0.435474134267907,0.556890168300829,0.577602472388242,0.653814865430442,"ENSG00000112182","BACH2","No significativo"
4.19942510313919,-0.422317588169259,0.765799181240036,-0.551473021276168,0.581309455905584,0.657280137674338,"ENSG00000143032","BARHL2","No significativo"
139.491217050083,-0.226111106187189,0.411161531834709,-0.549932541544493,0.582365643360577,0.658265466813868,"ENSG00000178175","ZNF366","No significativo"
8310.64590522813,-0.339644727530127,0.618803607700091,-0.548873218099819,0.583092458797683,0.6589476479665,"ENSG00000005513","SOX8","No significativo"
8601.18023813809,-0.362707348363161,0.669960229268309,-0.541386387605856,0.58824128773412,0.663643704046222,"ENSG00000120738","EGR1","No significativo"
6034.24669780666,-0.333988356736405,0.62157030997687,-0.537329971164217,0.591039706335392,0.666027586742807,"ENSG00000205927","OLIG2","No significativo"
13387.5032816964,0.275401295513569,0.5128205351948,0.537032502820808,0.591245162893323,0.666223993407031,"ENSG00000170345","FOS","No significativo"
2.64786507827226,-0.490836266508777,0.928613891459694,-0.528568731334859,0.597104656223857,0.671579551443098,"ENSG00000204779","FOXD4L5","No significativo"
1455.17695790937,0.185709387974331,0.354973735646543,0.523163742343029,0.600860310576119,0.675012724626987,"ENSG00000120693","SMAD9","No significativo"
7.56198892988192,-0.402749169800931,0.795922207152438,-0.506015746490906,0.612845595534858,0.685343911918291,"ENSG00000136931","NR5A1","No significativo"
18.5015614087473,0.223494747256526,0.451640960070905,0.494850483050605,0.620705666090249,0.692178607402346,"ENSG00000144852","NR1I2","No significativo"
215.637750694038,0.292416893313987,0.594578933251449,0.491805001759662,0.622857200297297,0.694143390322461,"ENSG00000103241","FOXF1","No significativo"
301.525040040444,0.261790049130232,0.536323282027627,0.488119867070672,0.625464939654541,0.696650110055466,"ENSG00000137273","FOXF2","No significativo"
295.916583247354,0.326455523910536,0.6747156074707,0.483841666467917,0.62849824201294,0.699536621990037,"ENSG00000175592","FOSL1","No significativo"
20.4814468428772,0.621526249145875,1.28600067977605,0.483301648996103,0.628881569376103,0.699872182764551,"ENSG00000136352","NKX2-1","No significativo"
237.884917476094,0.183880571799585,0.384621375670955,0.478082039717147,0.632591814695198,0.703086254767938,"ENSG00000148200","NR6A1","No significativo"
28.855151478664,-0.441127544267621,0.93899433623744,-0.469787225805029,0.638507041827342,0.708298193944885,"ENSG00000196092","PAX5","No significativo"
798.646567201449,-0.183886472608773,0.397391878812584,-0.462733343112672,0.643555515225285,0.71254895938285,"ENSG00000148737","TCF7L2","No significativo"
9.80080460853233,0.485195858485926,1.05730441565535,0.458898923812012,0.646306751631245,0.714891677130956,"ENSG00000136944","LMX1B","No significativo"
47.793554212604,-0.428952386491023,0.948130948775834,-0.452418926989841,0.650967214414078,0.718856509380479,"ENSG00000087510","TFAP2C","No significativo"
5.14776429992675,0.285845772303295,0.632798491873382,0.451716898782512,0.651472942687847,0.719229223850456,"ENSG00000160973","FOXH1","No significativo"
4386.20111662278,-0.13807843128893,0.30747727816106,-0.449068731565274,0.653382075960344,0.720910371231177,"ENSG00000177311","ZBTB38","No significativo"
7.39674849679678,-0.320018639136777,0.733312308409353,-0.436401565154331,0.662545403581432,0.728674364939839,"ENSG00000113722","CDX1","No significativo"
1.57092427855807,-0.402988982855613,0.929670295999465,-0.433475162742905,0.664669606193321,0.730396481579405,"ENSG00000111046","MYF6","No significativo"
1.27580787165936,0.651514815876071,1.50473267532639,0.432977117171162,0.665031393966203,0.730632286135283,"ENSG00000165556","CDX2","No significativo"
10.6760061306955,0.307002263067727,0.715610573109168,0.429007444277788,0.667917807201836,0.733151260048976,"ENSG00000108813","DLX4","No significativo"
1.09968941428822,0.707006977990445,1.65958500703371,0.426014319841396,0.670097411550671,0.735083639727841,"ENSG00000168269","FOXI1","No significativo"
1052.44060173649,-0.135837602696145,0.321852189509471,-0.422049646153324,0.672988780579862,0.737517461842658,"ENSG00000170653","ATF7","No significativo"
1629.97670106842,0.175650035313993,0.417350151783339,0.420869705122761,0.673850228164952,0.738297872287239,"ENSG00000163884","KLF15","No significativo"
353.375905584893,0.114802572487626,0.280117161260059,0.409837697809038,0.68192501044037,0.745304763973285,"ENSG00000168152","THAP9","No significativo"
539.13757697952,-0.286140970702732,0.724006093813441,-0.395219008717989,0.692681265302301,0.754572556956191,"ENSG00000157613","CREB3L1","No significativo"
138.042393479727,0.241258097902511,0.614958946692388,0.392315778476172,0.694824906685808,0.756310392687689,"ENSG00000112837","TBX18","No significativo"
6119.70885092204,-0.111198730992664,0.286963605691149,-0.387501163169606,0.698385223977573,0.759200066653338,"ENSG00000185630","PBX1","No significativo"
367.529728300933,-0.227529634669854,0.589218231357242,-0.386155116323791,0.699381792491276,0.759954949339234,"ENSG00000118495","PLAGL1","No significativo"
1272.27677175467,0.13740161221659,0.356820380255372,0.385072209491658,0.700183917023558,0.760652567208096,"ENSG00000165804","ZNF219","No significativo"
2082.90304878722,-0.110581096043014,0.302895212079774,-0.365080369820736,0.715051413706094,0.773287130936375,"ENSG00000155090","KLF10","No significativo"
403.385929467762,-0.120401018768685,0.33371483734505,-0.360790127662782,0.718256343427984,0.775968023749914,"ENSG00000172059","KLF11","No significativo"
829.770603452018,0.10254286624742,0.28872182613601,0.355161463266425,0.72246863301855,0.779750387267118,"ENSG00000155592","ZKSCAN2","No significativo"
946.894640757201,0.134622238976927,0.379929840153535,0.354334471128998,0.72308823713359,0.780261552471252,"ENSG00000029153","BMAL2","No significativo"
2256.02463222933,-0.111246856139799,0.322919204928514,-0.344503685262157,0.730467525028756,0.786477638186305,"ENSG00000178573","MAF","No significativo"
282.625679418471,-0.192879047645309,0.577613466630841,-0.333924083817424,0.738436845638187,0.793140680490151,"ENSG00000135111","TBX3","No significativo"
81.8192014732106,-0.162713478110361,0.489169354468113,-0.332632199102668,0.739411934762183,0.793908796510137,"ENSG00000167034","NKX3-1","No significativo"
6.87085611039233,0.244709908831579,0.759193485169486,0.322328778647183,0.747203633372766,0.800686342500673,"ENSG00000184659","FOXD4L4","No significativo"
2.7472167605353,0.397301225483751,1.23309678078209,0.322197926128527,0.747302755499157,0.800772490523719,"ENSG00000125816","NKX2-4","No significativo"
1311.60972651353,-0.066638940789072,0.20764718612442,-0.320923880707647,0.748268076188881,0.801517149977883,"ENSG00000173153","ESRRA","No significativo"
2.32988064135941,0.376849544392765,1.19532918028446,0.315268421961457,0.752557858967419,0.804845411385216,"ENSG00000248767","FOXL3","No significativo"
460.714427487145,0.0929433639142497,0.296873636310858,0.31307382180925,0.754224577239444,0.806169197765784,"ENSG00000171443","ZNF524","No significativo"
61.4909607977122,0.339687805479783,1.12418269538828,0.302164236180898,0.76252686609268,0.813193355785916,"ENSG00000128610","FEZF1","No significativo"
853.000501118684,-0.0609797092063763,0.205942670618588,-0.296100409998628,0.767153400885731,0.816945479855326,"ENSG00000162419","GMEB1","No significativo"
1874.23371388575,-0.0816054340586397,0.276548977390261,-0.295084924300695,0.767929005903484,0.817608518773258,"ENSG00000170802","FOXN2","No significativo"
13.033201483452,-0.150348211848017,0.51330971671947,-0.292899602230176,0.769598892901898,0.818998951262046,"ENSG00000105610","KLF1","No significativo"
47.3447982133596,-0.225875099878055,0.775359441853907,-0.291316630307591,0.770809169612564,0.81987713576963,"ENSG00000196460","RFX8","No significativo"
515.607238142043,0.103845575716783,0.364046564206253,0.285253552504202,0.775449894851331,0.823677445481249,"ENSG00000131196","NFATC1","No significativo"
3.23934758318903,0.241825078857375,0.869201605310053,0.278215177445644,0.7808471847062,0.82810434993881,"ENSG00000167800","TBX10","No significativo"
323.43549668965,-0.138382152858465,0.497747560092193,-0.27801673770703,0.780999510235836,0.828231059708753,"ENSG00000129194","SOX15","No significativo"
187.645611986367,-0.0715503625040341,0.26050141294555,-0.274664009285008,0.783574384445812,0.830399294992058,"ENSG00000198546","ZNF511","No significativo"
692.751140183555,0.0539324477127792,0.211353972941192,0.255175935243884,0.798587216844875,0.84246715101496,"ENSG00000188283","ZNF383","No significativo"
910.474312023103,-0.168488514955273,0.682050984277498,-0.247032141055781,0.804883349792587,0.847901341450505,"ENSG00000124440","HIF3A","No significativo"
741.785510307655,0.0489114864572927,0.202383508070298,0.241677234097075,0.809030271270131,0.851376991444857,"ENSG00000137338","PGBD1","No significativo"
2701.64282622405,-0.111959322137594,0.47409770901162,-0.236152421767662,0.813314397338745,0.854902861248684,"ENSG00000102908","NFAT5","No significativo"
5.52823164682822,0.322559468005661,1.40265365635229,0.229963730921647,0.81811995298094,0.85872971227706,"ENSG00000180318","ALX1","No significativo"
3591.51547133473,-0.0728750870755741,0.321973749287269,-0.226338598214584,0.820938080172408,0.86109583430885,"ENSG00000105722","ERF","No significativo"
482.615989545359,-0.0955483335513267,0.445736837740186,-0.214360415073031,0.830266008354881,0.868697072903931,"ENSG00000028277","POU2F2","No significativo"
75.1227248563853,-0.0513380410659314,0.239566558460123,-0.214295523531833,0.830316608664097,0.868697072903931,"ENSG00000178386","ZNF223","No significativo"
4.29450687156127,0.169664760198899,0.801160456462689,0.211773757466774,0.832283542675321,0.870221001984904,"ENSG00000171116","HSFX1","No significativo"
815.70493708639,-0.0618455835134716,0.29239768731084,-0.211511876452447,0.832487865774505,0.870370786309676,"ENSG00000175105","ZNF654","No significativo"
2.14914329407739,0.161135671501656,0.766222767161847,0.210298725654572,0.833434529830838,0.871126217810573,"ENSG00000105392","CRX","No significativo"
1386.60876531969,0.0782543343806847,0.372208801098747,0.210243105884871,0.833477937686312,0.871133197276466,"ENSG00000088881","EBF4","No significativo"
1030.71815930012,-0.0510116582003995,0.287904576072096,-0.177182519626313,0.859365025743502,0.892296325935912,"ENSG00000140044","JDP2","No significativo"
1273.22926629898,-0.0498672966243849,0.295288645131242,-0.168876444951757,0.865893827273607,0.897430165920584,"ENSG00000112242","E2F3","No significativo"
547.874834008556,0.0693899418775125,0.419119024098043,0.165561422621752,0.868502108514523,0.899468200405849,"ENSG00000077092","RARB","No significativo"
170.200930807446,-0.0832880111024372,0.526246171788034,-0.158268155793796,0.87424549984419,0.903927522473291,"ENSG00000181690","PLAG1","No significativo"
2229.21735177268,0.0428927345598048,0.274195159636566,0.156431406800387,0.875692982851297,0.905065351650122,"ENSG00000118263","KLF7","No significativo"
13720.6276928819,0.0501877725490801,0.324888046480213,0.154477128638024,0.877233543451416,0.906206199984349,"ENSG00000177606","JUN","No significativo"
57.4377059163134,-0.0873380265983934,0.584808826184348,-0.14934457670251,0.88128174253008,0.90915802406405,"ENSG00000156925","ZIC3","No significativo"
1427.79762351022,-0.0298594281203098,0.241615532866529,-0.12358240286151,0.901645926147871,0.925410472270206,"ENSG00000117036","ETV3","No significativo"
499.991544829758,0.0257724593089917,0.209110165609779,0.123248237281232,0.901910528883835,0.925612202670448,"ENSG00000183621","ZNF438","No significativo"
1309.69997844991,0.0209160512342828,0.179341574493473,0.116626896431335,0.90715572289892,0.929726437450301,"ENSG00000172273","HINFP","No significativo"
1873.89441764882,0.0385526111220401,0.427900739084527,0.0900970893495569,0.928210062177044,0.945412649860737,"ENSG00000069667","RORA","No significativo"
2.81227201405211,-0.0800636478564814,0.889882367275169,-0.0899710465121782,0.92831022302851,0.945461534022414,"ENSG00000124232","RBPJL","No significativo"
100.518423037446,0.0353317824455261,0.402956321899113,0.0876814198596244,0.930129887542728,0.946714044983442,"ENSG00000149922","TBX6","No significativo"
735.356618568529,-0.0174169577879593,0.203770038000262,-0.0854735954259226,0.931884886433521,0.948184334140166,"ENSG00000124444","ZNF576","No significativo"
399.701870515667,0.0253433378540839,0.316808256498546,0.0799958250273702,0.936240576476152,0.95149403490651,"ENSG00000157554","ERG","No significativo"
5098.36403023063,-0.036333297703795,0.457202150558167,-0.0794687812807488,0.936659761988234,0.951819598900345,"ENSG00000171223","JUNB","No significativo"
2.49830092030807,0.0710240886781807,0.999736601209841,0.0710428012660836,0.943363691042506,0.957107973753753,"ENSG00000268738","HSFX2","No significativo"
1143.9939963481,0.0329940140686312,0.513111698136704,0.0643018161317401,0.948729907385639,0.961047280202984,"ENSG00000112333","NR2E1","No significativo"
1507.26673361056,-0.0197557788160674,0.313231895212883,-0.0630707763736536,0.949710145028864,0.961835157302552,"ENSG00000186951","PPARA","No significativo"
1224.4795325981,-0.0212240951329508,0.345459207968345,-0.0614373409172395,0.951010914761842,0.962731596787492,"ENSG00000171163","ZNF692","No significativo"
437.354125144172,-0.0372093829291291,0.622850835528154,-0.0597404399362761,0.952362362823816,0.963836336566415,"ENSG00000134323","MYCN","No significativo"
309.814944299247,-0.0225770214534341,0.487179800386489,-0.0463422774005067,0.963037442995335,0.971646663235122,"ENSG00000177374","HIC1","No significativo"
346.107907945308,-0.0102702284960078,0.247983694666996,-0.0414149345980151,0.966965106924613,0.974670008175008,"ENSG00000131931","THAP1","No significativo"
6.01005881217725,0.0207534400440921,0.667990299732146,0.0310684751745855,0.975214930693284,0.981204461399961,"ENSG00000102145","GATA1","No significativo"
714.568884319932,-0.00338210956036074,0.141745225729619,-0.0238604830811879,0.980963895234303,0.985276226842608,"ENSG00000198081","ZBTB14","No significativo"
40.3322704944892,0.0105062209476969,0.454558821646938,0.0231130063863488,0.981560130862229,0.985802422081515,"ENSG00000183734","ASCL2","No significativo"
233.548054302947,-0.010277585413436,0.571179931149739,-0.0179936038592044,0.985643955967254,0.988966977877702,"ENSG00000203883","SOX18","No significativo"
856.393717828169,-0.00292801906414495,0.204991790675762,-0.0142835918184462,0.988603730129623,0.991336823523605,"ENSG00000170260","ZNF212","No significativo"
3180.21665063379,-0.00353588529569251,0.270735617947665,-0.0130602885667449,0.989579693627725,0.992039083736387,"ENSG00000107175","CREB3","No significativo"
1004.57358892913,0.00210280655120281,0.260966535126939,0.0080577632307528,0.993570904694552,0.995176892148261,"ENSG00000089775","ZBTB25","No significativo"
2372.32141775816,0.00119934139294545,0.22333644838891,0.00537011043919244,0.995715292384566,0.996647675550411,"ENSG00000143373","ZNF687","No significativo"
