"","baseMean","log2FoldChange","lfcSE","stat","pvalue","padj","symbol"
"ENSG00000139515",7.09797241556276,3.54835542307586,0.380570919681458,9.32376920981214,1.12279114354076e-20,3.35346912340715e-20,"PDX1"
"ENSG00000138083",17.642433473716,2.99436700766934,0.237812308797762,12.5913037168139,2.35747218225205e-36,1.08992720754804e-35,"SIX3"
"ENSG00000215397",82.2667649094025,2.98799240338758,0.203301337333822,14.6973573443901,6.70247641093827e-49,3.9340622412029e-48,"SCRT2"
"ENSG00000163497",26.1388968390351,2.92948464302321,0.286394705382481,10.2288365949744,1.47277988656066e-24,5.04632702247943e-24,"FEV"
"ENSG00000169840",162.364310548228,2.90396729272976,0.213325759474886,13.6128299736424,3.35977640881349e-42,1.78570793381819e-41,"GSX1"
"ENSG00000152284",842.381125661045,2.8686933700819,0.0790873424481623,36.2724714382985,4.39648606467255e-288,3.70953511706747e-286,"TCF7L1"
"ENSG00000120738",9102.78897009147,2.62628887764804,0.111809686484247,23.4889208639188,5.29389948512688e-122,8.21467161485205e-121,"EGR1"
"ENSG00000176692",36.3291824935675,2.59499253127694,0.154005548258908,16.8499937866806,1.04925701499943e-63,7.91339089524713e-63,"FOXC2"
"ENSG00000180818",253.134791860426,2.54711398693564,0.220897576237089,11.5307466488533,9.23393765413714e-31,3.69905514334871e-30,"HOXC10"
"ENSG00000120075",29.3495180329167,2.43189925349765,0.255503820809874,9.51805435155226,1.76451648400699e-21,5.41385739411237e-21,"HOXB5"
"ENSG00000167182",921.227652570848,2.42955455679147,0.0400731901752285,60.6279296998251,0,0,"SP2"
"ENSG00000120068",60.0395076552161,2.41107420650513,0.302991939916128,7.95755229387469,1.75475966776683e-15,4.44451322980341e-15,"HOXB8"
"ENSG00000213015",855.182857148604,2.38982430530789,0.0476621092514681,50.1409682206683,0,0,"ZNF580"
"ENSG00000176083",10.0593273783401,2.32398102437212,0.173564973106182,13.3896890759772,6.94709589406208e-41,3.60714594499378e-40,"ZNF683"
"ENSG00000169136",1097.41378548276,2.29380778835075,0.0807619483136015,28.4020858368078,1.90566636717589e-177,5.71699910152768e-176,"ATF5"
"ENSG00000261221",760.59479319625,2.25665453570325,0.0531530653193357,42.4557741335445,0,0,"ZNF865"
"ENSG00000176165",1704.06990021416,2.25270270494239,0.130272441638711,17.2922429072903,5.38169161577679e-67,4.37667691644498e-66,"FOXG1"
"ENSG00000164778",162.009966075945,2.22222043335458,0.148870932896631,14.9271613344264,2.19409449770924e-50,1.3525240054372e-49,"EN2"
"ENSG00000203883",247.754211784056,2.21863983174885,0.0959923980874318,23.1126617935732,3.45367243022426e-118,5.18050864533639e-117,"SOX18"
"ENSG00000184221",6877.49082918135,2.21134458766324,0.140447137524522,15.7450313807723,7.42942540649862e-56,5.06551732261269e-55,"OLIG1"
"ENSG00000197576",24.0244432228198,2.19407986552255,0.204678674380451,10.7196310126782,8.2331126013747e-27,2.99587655306088e-26,"HOXA4"
"ENSG00000261678",164.174563293316,2.159343275508,0.182618630102058,11.8243318017512,2.9221866669348e-32,1.22514037278323e-31,"SCRT1"
"ENSG00000136574",68.0621217005255,2.14133045113527,0.248197680788839,8.62751998459269,6.26965838791677e-18,1.71684357478451e-17,"GATA4"
"ENSG00000173917",267.757920728903,2.13561684545207,0.190777627395852,11.1942730109584,4.34955302154488e-29,1.69218921587481e-28,"HOXB2"
"ENSG00000204060",159.502276048817,2.12735667834172,0.120167845787668,17.7032105751541,3.96070127375111e-70,3.40569854749299e-69,"FOXO6"
"ENSG00000175592",327.722281260624,2.08693333872707,0.138453211045628,15.0732028745749,2.43039415512968e-51,1.51899634695605e-50,"FOSL1"
"ENSG00000132846",743.146852453669,2.07907546113026,0.0638905056561096,32.5412272102036,2.78644364894088e-232,1.44680727925777e-230,"ZBED3"
"ENSG00000157613",563.702829183203,2.06856399727873,0.1476270516302,14.0120931390028,1.31472163729714e-44,7.15675084819009e-44,"CREB3L1"
"ENSG00000137203",208.002976148926,2.04812936489017,0.174972454785504,11.7054388212187,1.19539203879466e-31,4.9200586962585e-31,"TFAP2A"
"ENSG00000100146",2515.65416822626,2.02771717391534,0.213569563297483,9.49441082618552,2.21460153568718e-21,6.73358575040022e-21,"SOX10"
"ENSG00000184058",75.1583272813153,2.00587401582116,0.179403979402485,11.18076657219,5.06505679706123e-29,1.96489272299789e-28,"TBX1"
"ENSG00000185551",1165.67097498707,1.96062129509805,0.104418152199075,18.7766327387223,1.1728629162081e-78,1.14736589629053e-77,"NR2F2"
"ENSG00000171056",49.6208890086192,1.95050737602697,0.0775813091954594,25.1414599244883,1.75231697187103e-139,3.33187029862802e-138,"SOX7"
"ENSG00000105880",278.164582200025,1.94187485802056,0.246164247130698,7.88853328887172,3.05758672904813e-15,7.62983749392788e-15,"DLX5"
"ENSG00000171540",166.720940261908,1.92075049503849,0.181201100708627,10.6001039040434,2.97649346329e-26,1.06303337974643e-25,"OTP"
"ENSG00000183072",219.358631049897,1.91868278824178,0.18842948686755,10.1824975492846,2.37388966901031e-24,8.05213832453245e-24,"NKX2-5"
"ENSG00000129194",342.126870656742,1.90492874668303,0.0864450684583168,22.036291724398,1.29304199522868e-107,1.74560669355872e-106,"SOX15"
"ENSG00000162992",171.713559489545,1.8955043087109,0.207556071381303,9.13249270954186,6.69398934878205e-20,1.96027887654138e-19,"NEUROD1"
"ENSG00000037965",59.1640952716212,1.88118793157989,0.188693718193372,9.96953131026899,2.07204296608416e-23,6.85602452013142e-23,"HOXC8"
"ENSG00000134595",160.942631978714,1.86868481110417,0.207387337772627,9.01060224396604,2.04927996096292e-19,5.89878027142846e-19,"SOX3"
"ENSG00000085644",973.560401214579,1.86320154870792,0.0450784117175951,41.3324577711479,0,0,"ZNF213"
"ENSG00000075891",15.8145117583672,1.85640747281206,0.24748646660939,7.50104641375016,6.33103661878233e-14,1.51005290377317e-13,"PAX2"
"ENSG00000107485",44.4411340093143,1.84153582804936,0.191655494898009,9.60857307550379,7.35613073550824e-22,2.28513074805307e-21,"GATA3"
"ENSG00000123364",92.0090640089707,1.81550219063472,0.257177844553698,7.05932578984517,1.67312388107975e-12,3.77081342146521e-12,"HOXC13"
"ENSG00000177508",133.948879488395,1.81136783868828,0.168292350185595,10.7632214814914,5.13433149000868e-27,1.88865054809584e-26,"IRX3"
"ENSG00000133250",580.011267454582,1.80857777892155,0.0543812012408307,33.257407663949,1.59526406440711e-242,1.0217424899946e-240,"ZNF414"
"ENSG00000217236",38.3198560340524,1.80607622069491,0.205100877064195,8.80579472183156,1.29928649779638e-18,3.65424327505232e-18,"SP9"
"ENSG00000133111",340.849403124506,1.80265149864094,0.0558312986314519,32.2874721317237,1.04869366984822e-228,5.24346834924111e-227,"RFXAP"
"ENSG00000115844",103.417000051664,1.79546214796652,0.21440415075131,8.37419491028932,5.56026684027621e-17,1.47183534007311e-16,"DLX2"
"ENSG00000176182",315.709527489047,1.78805308944328,0.0568723250399222,31.439774761945,5.7913901248105e-217,2.44324270890443e-215,"MYPOP"
"ENSG00000171786",174.298261344408,1.78423925258256,0.214698804652899,8.31042937321947,9.53564052771663e-17,2.50937908624122e-16,"NHLH1"
"ENSG00000198816",1346.96614508556,1.77885012252843,0.0523664371994478,33.9692791349034,6.33413583567474e-253,4.50057019903205e-251,"ZNF358"
"ENSG00000137166",759.669646748045,1.7730695792294,0.079570671553404,22.2829535633541,5.40720982303761e-110,7.60388881364664e-109,"FOXP4"
"ENSG00000169564",167.463735220971,1.76862386014493,0.0688790268012268,25.6772481012091,2.0988630446248e-145,4.29312895491436e-144,"PCBP1"
"ENSG00000186790",3.46209345253473,1.76408266976345,0.186576227168615,9.45502380734277,3.22948470855399e-21,9.77534609091454e-21,"FOXE3"
"ENSG00000177732",1819.12817454384,1.76234641148451,0.0622681179004647,28.3025482527289,3.21513663728065e-176,9.23496693686997e-175,"SOX12"
"ENSG00000176472",118.622256598787,1.72063315177287,0.0652483453970672,26.3705254332811,2.9854254256404e-153,6.7172072076909e-152,"ZNF575"
"ENSG00000197757",99.338989542943,1.70109723504819,0.190716575622392,8.91950387372867,4.6838169345698e-19,1.33965103001467e-18,"HOXC6"
"ENSG00000130522",4485.89699300759,1.69038775786812,0.0587922662386246,28.7518727549507,8.58222474144856e-182,2.63318259112626e-180,"JUND"
"ENSG00000129911",672.107513770873,1.68688915649512,0.0654185529751205,25.7860970592955,1.26984856705163e-146,2.63737779310724e-145,"KLF16"
"ENSG00000126368",685.310331659103,1.67872544555569,0.0929958613464625,18.0516145691848,7.66178839112634e-73,6.84994326358977e-72,"NR1D1"
"ENSG00000137273",311.560683822463,1.67297249477571,0.103004885573807,16.2416810179062,2.55816846650455e-59,1.81764601567429e-58,"FOXF2"
"ENSG00000105996",135.765295819338,1.66047116407671,0.190390731079488,8.72138656468243,2.74815466645361e-18,7.60247704859092e-18,"HOXA2"
"ENSG00000125813",19.8791623644313,1.64540649680037,0.318772833669061,5.16168983994593,2.44730533377483e-07,4.52583863095345e-07,"PAX1"
"ENSG00000066336",1654.23653921532,1.64533329486815,0.103720999150717,15.8630683115317,1.14176671889077e-56,7.94528386856982e-56,"SPI1"
"ENSG00000128709",195.616936767555,1.64427866029128,0.170980955592255,9.61673570366783,6.79534526832971e-22,2.12354539635303e-21,"HOXD9"
"ENSG00000173404",775.075376615752,1.63076108975994,0.168433738180305,9.68191472431876,3.59911275309381e-22,1.14594391902751e-21,"INSM1"
"ENSG00000253293",190.239523136101,1.6258272569826,0.178008082984111,9.13344624427937,6.63527004819624e-20,1.94730751414455e-19,"HOXA10"
"ENSG00000105997",149.074944419701,1.62524591529901,0.170432904124837,9.53598674882968,1.48466844983898e-21,4.56560912820644e-21,"HOXA3"
"ENSG00000125798",10.9249179250639,1.62244905758095,0.346840358594848,4.67779777461298,2.89972305343212e-06,4.99314556394561e-06,"FOXA2"
"ENSG00000165512",909.066231387592,1.62130148934782,0.0670883467754593,24.166663321936,4.98881532326653e-129,8.31469220544422e-128,"ZNF22"
"ENSG00000115507",304.298784173753,1.61954119672035,0.176425663660183,9.17973702419948,4.32145479204373e-20,1.27379125966354e-19,"OTX1"
"ENSG00000009950",284.784141156126,1.61437710758159,0.119015288441031,13.5644514980231,6.50645533258497e-42,3.41778782061856e-41,"MLXIPL"
"ENSG00000170684",53.5780391475636,1.59479703947682,0.0716134649506468,22.2695137091313,7.29889865600751e-110,1.00546052914389e-108,"ZNF296"
"ENSG00000198353",241.479929853566,1.57169520013823,0.107998257108934,14.552968188671,5.59229291779351e-48,3.25413596509536e-47,"HOXC4"
"ENSG00000127528",458.972523964967,1.56226483706345,0.0908108849058351,17.2034975618112,2.49976603377025e-66,1.97349950034493e-65,"KLF2"
"ENSG00000129514",10.4222875748582,1.55768964620636,0.363507574395039,4.28516420544667,1.82604265341371e-05,3.002627992824e-05,"FOXA1"
"ENSG00000004848",251.724206208951,1.55527751787399,0.163558579760601,9.50899378161902,1.92515613894339e-21,5.88000178184067e-21,"ARX"
"ENSG00000011451",2547.10051045169,1.55521022120494,0.047209850575101,32.9424940401139,5.41851169528878e-238,3.1804307776695e-236,"WIZ"
"ENSG00000172216",1292.81188452766,1.55450209375513,0.105113040767535,14.7888604725366,1.72855500962204e-49,1.03254392167688e-48,"CEBPB"
"ENSG00000170370",280.952423915945,1.54951317599398,0.160492745339799,9.65472409804761,4.69421160513598e-22,1.48065085676018e-21,"EMX2"
"ENSG00000049768",31.8012432877582,1.54810605707629,0.0939785788597571,16.4729673065871,5.73851734931182e-61,4.21032522911465e-60,"FOXP3"
"ENSG00000164438",1.46778662528457,1.54373537709486,0.438954255983355,3.5168479540916,0.000436703859017558,0.000653603336667077,"TLX3"
"ENSG00000108813",11.1090348234301,1.537494253677,0.152713495129561,10.0678348850087,7.66467508544887e-24,2.56757105840099e-23,"DLX4"
"ENSG00000179388",643.875114246644,1.51763393557176,0.135254764741247,11.2205580223005,3.23224407813208e-29,1.26113569522494e-28,"EGR3"
"ENSG00000170577",33.8324018648069,1.50579766733152,0.189449320965339,7.94828748743318,1.8910739666913e-15,4.75409656430774e-15,"SIX2"
"ENSG00000130711",7.80624799035223,1.50562648355307,0.174469315539188,8.62974947141856,6.14865018507025e-18,1.6871296239522e-17,"PRDM12"
"ENSG00000181444",203.778492747385,1.50241189896506,0.0971160362516453,15.4702761454559,5.50703065909469e-54,3.64435852440089e-53,"ZNF467"
"ENSG00000185668",66.1057947650718,1.5002738988346,0.141105166201239,10.6323102068067,2.10824328829536e-26,7.56949052978388e-26,"POU3F1"
"ENSG00000141905",6365.08786187121,1.48203307202919,0.0645033264159076,22.9760720008961,8.08801628745862e-117,1.18682847696404e-115,"NFIC"
"ENSG00000125820",354.931488046246,1.48135506107614,0.122932245557757,12.0501749102123,1.93538805190612e-33,8.45557886755099e-33,"NKX2-2"
"ENSG00000106689",758.326234110412,1.48045332556118,0.121470739497289,12.1877361715923,3.6131958620931e-34,1.59928341436908e-33,"LHX2"
"ENSG00000181418",266.570887075708,1.47708582082715,0.184872894608734,7.98973707829514,1.35226839082522e-15,3.43150813461288e-15,"DDN"
"ENSG00000078399",63.4287093173897,1.47320999854125,0.248156228158215,5.93662310825416,2.90952462691324e-09,5.90655375388402e-09,"HOXA9"
"ENSG00000125492",16.3465813150961,1.46817550699198,0.140610512322516,10.441434873834,1.60368147158915e-25,5.63794267355561e-25,"BARHL1"
"ENSG00000196767",654.049342145015,1.46808654991149,0.144747608876372,10.142388957633,3.5822993981944e-24,1.20902604689061e-23,"POU3F4"
"ENSG00000126603",988.726738472122,1.46779070625099,0.0666391107524025,22.0259647777198,1.62414040849221e-107,2.17088074402424e-106,"GLIS2"
"ENSG00000267281",25.9754803319438,1.46542784275217,0.0962932006643671,15.2183937457844,2.6700639348518e-52,1.70833474504736e-51,"ATF7-NPFF"
"ENSG00000197483",261.75163128589,1.46386975220058,0.0533287829423635,27.4498998745705,6.96673884962287e-166,1.77454668811148e-164,"ZNF628"
"ENSG00000112033",2841.44114796519,1.45183316988758,0.0528011381478515,27.496247634326,1.94672646299776e-166,5.15309946087641e-165,"PPARD"
"ENSG00000164107",87.6474654645287,1.45150124247378,0.216863978803999,6.69314125139077,2.18430108896437e-11,4.7638230534764e-11,"HAND2"
"ENSG00000124092",5.60403087938006,1.44933508001963,0.136754711985871,10.5980631963115,3.04215090891674e-26,1.08361575911282e-25,"CTCFL"
"ENSG00000125285",1204.72514133482,1.44447868575902,0.0929535851671305,15.539784540444,1.86609755537953e-54,1.24100083732136e-53,"SOX21"
"ENSG00000101883",8.04071050842162,1.4353502999106,0.149383791275838,9.60847417013417,7.36319907705989e-22,2.28513074805307e-21,"RHOXF1"
"ENSG00000176842",103.174188215453,1.43413589128268,0.145960525325929,9.82550513627063,8.74345781928493e-23,2.8306158407757e-22,"IRX5"
"ENSG00000105698",5815.30468566057,1.42873250921636,0.048317675393631,29.5695622270083,3.68089298407237e-192,1.27415526371736e-190,"USF2"
"ENSG00000125520",1606.78567001895,1.41175673155038,0.0761579825941766,18.5372128234175,1.03445696916736e-76,9.90437523670875e-76,"SLC2A4RG"
"ENSG00000006377",99.7184319177631,1.4110578552597,0.262424949587865,5.3769958133773,7.57389339773026e-08,1.45238012598521e-07,"DLX6"
"ENSG00000043355",463.199421239706,1.41028445813957,0.127676862067865,11.0457324475124,2.29885185196363e-28,8.79164305991758e-28,"ZIC2"
"ENSG00000120093",448.257696097138,1.40898325960488,0.193176013058953,7.29377958108545,3.01378355366076e-13,7.02695647226602e-13,"HOXB3"
"ENSG00000095574",630.108672229646,1.39682592433605,0.0563196859879726,24.8017349499134,8.58674980665629e-136,1.54561496519813e-134,"IKZF5"
"ENSG00000120149",53.4186603599991,1.39536763144146,0.192884418858642,7.23421642711365,4.68224579460844e-13,1.08422501247365e-12,"MSX2"
"ENSG00000111206",1567.14568231924,1.39236133673178,0.0939949551102549,14.8131496536017,1.20460909802354e-49,7.22765458814125e-49,"FOXM1"
"ENSG00000185155",13.5540841534583,1.38855919723145,0.116475033057186,11.9215179492562,9.14273987537522e-33,3.90591735182169e-32,"MIXL1"
"ENSG00000069011",256.43804167052,1.38849893167004,0.185639575563061,7.47954161960672,7.45822896869216e-14,1.77264244854479e-13,"PITX1"
"ENSG00000148737",815.570577754242,1.37648023000425,0.0707372987147543,19.4590443092103,2.44297867360578e-84,2.63841696749424e-83,"TCF7L2"
"ENSG00000107807",52.7634165197448,1.37217105208707,0.286406353642204,4.79099375637899,1.65957291430159e-06,2.90586697056699e-06,"TLX1"
"ENSG00000106004",328.106600330003,1.37191807674795,0.160734964336835,8.53528093534752,1.39815279220195e-17,3.75997264835185e-17,"HOXA5"
"ENSG00000123411",512.299325484448,1.36532015990576,0.052729483237145,25.8929175119236,8.00253418994772e-148,1.6880345556921e-146,"IKZF4"
"ENSG00000198807",9.86271865948363,1.3637703734349,0.281262420011441,4.84874720689465,1.24243630421064e-06,2.18397006599527e-06,"PAX9"
"ENSG00000105991",65.0665137583174,1.36201882364334,0.140652765716538,9.68355521986857,3.54180641757785e-22,1.1303637502908e-21,"HOXA1"
"ENSG00000218891",559.580287136484,1.36032818147275,0.0591679586553063,22.9909601816346,5.7405521961218e-117,8.51620380743343e-116,"ZNF579"
"ENSG00000028277",510.84879257683,1.34171586907782,0.0948234464687149,14.1496214179526,1.87765376521572e-45,1.0431409806754e-44,"POU2F2"
"ENSG00000122877",887.783788039534,1.33964236041763,0.123325133200918,10.8626873180435,1.73565052394123e-27,6.47272985447696e-27,"EGR2"
"ENSG00000221869",3086.05256441519,1.32825332488759,0.105290424503593,12.6151388518931,1.74250259937033e-36,8.08377494553245e-36,"CEBPD"
"ENSG00000167685",1267.52743912257,1.32281745557617,0.045428984762748,29.1183583010838,2.10243472917839e-186,6.9226509375386e-185,"ZNF444"
"ENSG00000170561",68.1618314366156,1.32211956552971,0.309039555112086,4.27815644845265,1.88447558790899e-05,3.09494165897462e-05,"IRX2"
"ENSG00000164651",179.158489047653,1.31580921213085,0.247923841169354,5.30731214039248,1.11253569837293e-07,2.10892338001376e-07,"SP8"
"ENSG00000260027",243.547601875521,1.31069615687856,0.182906100012223,7.16595103602873,7.72483818417986e-13,1.76193352455487e-12,"HOXB7"
"ENSG00000068323",3977.6951058394,1.30642715494038,0.0560134177989833,23.3234679524251,2.5626737950259e-120,3.88720182391569e-119,"TFE3"
"ENSG00000120669",33.7246690574486,1.30320023854159,0.148515681667589,8.77483255578656,1.7115834748041e-18,4.78392896684375e-18,"SOHLH2"
"ENSG00000164379",83.3812377322683,1.29863283303204,0.108330921918166,11.9876468328502,4.12456297197727e-33,1.78466667056709e-32,"FOXQ1"
"ENSG00000122592",88.1304929275774,1.28601348109318,0.185553322891715,6.93069496709402,4.18778166002942e-12,9.31384718457943e-12,"HOXA7"
"ENSG00000170653",1079.75295252753,1.2857560957214,0.0508596341798418,25.280482576318,5.23682728943625e-141,1.02459664358535e-139,"ATF7"
"ENSG00000064218",8.70200303676683,1.28211175834389,0.306475609143945,4.18340553078633,2.87174454832412e-05,4.65408780340643e-05,"DMRT3"
"ENSG00000178951",1205.36122447096,1.27938908136452,0.0576272424497924,22.2011157740054,3.35030627670049e-109,4.56859946822794e-108,"ZBTB7A"
"ENSG00000165804",1311.43126439806,1.25333382775549,0.0657775040190178,19.0541408715223,6.07048745500595e-81,6.20845307898336e-80,"ZNF219"
"ENSG00000182742",188.584805465669,1.24092803586567,0.221772183826896,5.59550803194631,2.19976663233315e-08,4.34164466907859e-08,"HOXB4"
"ENSG00000173039",3694.99182387742,1.23698218596965,0.0388857249287282,31.8107014395863,4.60410228091447e-222,2.21983502829805e-220,"RELA"
"ENSG00000008196",52.9043191244044,1.23431120125222,0.278859358731962,4.4262857336577,9.58695169696233e-06,1.60974935210188e-05,"TFAP2B"
"ENSG00000135625",16.6759937409234,1.23411510810826,0.21952737098016,5.62169128431734,1.89096962673664e-08,3.73764128271517e-08,"EGR4"
"ENSG00000253831",5.05798777708777,1.22848200889252,0.265736347167619,4.62293555995043,3.7834728341677e-06,6.49833120372314e-06,"ETV3L"
"ENSG00000175745",3018.55581132749,1.21488048504852,0.0616112577882531,19.7184821193531,1.49652560988932e-86,1.71212675707676e-85,"NR2F1"
"ENSG00000189067",5163.33402310634,1.20750488224174,0.0626471631287001,19.2746937281276,8.76174745862904e-83,9.24090552277281e-82,"LITAF"
"ENSG00000180828",43.1764442753468,1.20650772752879,0.254769757723073,4.73567874896764,2.18323182582518e-06,3.7883842736041e-06,"BHLHE22"
"ENSG00000125398",8184.4900448823,1.2027419652964,0.0754315854219157,15.9448055952825,3.09602091577689e-57,2.16561048512891e-56,"SOX9"
"ENSG00000008441",14350.2991815299,1.19222769856431,0.0616175496932449,19.3488333193979,2.08508648789602e-83,2.21643051862962e-82,"NFIX"
"ENSG00000101057",1724.41517654811,1.19035085791272,0.118733491120959,10.0254009772193,1.17880141251765e-23,3.92933804172549e-23,"MYBL2"
"ENSG00000123095",2926.999682943,1.18862957690829,0.0925596654030923,12.8417661378946,9.56667766386227e-38,4.61250530221931e-37,"BHLHE41"
"ENSG00000163623",75.6601014819465,1.18693257976652,0.158768691471907,7.47586044051094,7.67003220563046e-14,1.81977917005292e-13,"NKX6-1"
"ENSG00000124920",1982.07839482954,1.17989312729708,0.15476832439522,7.6236085898564,2.46680598398345e-14,6.00033887995973e-14,"MYRF"
"ENSG00000132005",697.85786986646,1.17688533461585,0.0481071107506885,24.4638540176518,3.58408627060348e-132,6.28378761729181e-131,"RFX1"
"ENSG00000163064",313.262674248428,1.17593651614862,0.170519354850087,6.89620551979246,5.34099112830504e-12,1.18396355060949e-11,"EN1"
"ENSG00000156925",58.7437953687092,1.17474957774511,0.129003526706028,9.10633691761098,8.52104096892891e-20,2.48453678359698e-19,"ZIC3"
"ENSG00000233608",55.5069730715362,1.17210716945337,0.212874121867618,5.50610454276952,3.66860723909855e-08,7.16732239187127e-08,"TWIST2"
"ENSG00000054598",420.948821466058,1.16846918635564,0.0780687949229587,14.9671733438275,1.20327833588793e-50,7.45149428187482e-50,"FOXC1"
"ENSG00000135547",578.659083725899,1.15151852565046,0.0938203837798738,12.2736497044418,1.25467565484733e-34,5.59013905625049e-34,"HEY2"
"ENSG00000131668",30.6047541193644,1.14708361258594,0.223188091593851,5.13953770738521,2.75415221168502e-07,5.07244950310338e-07,"BARX1"
"ENSG00000167157",41.7009082674379,1.14343383061499,0.213296799396558,5.36076412702814,8.28706640439057e-08,1.58463734361576e-07,"PRRX2"
"ENSG00000170689",25.3343879351646,1.14122143986463,0.226364641284887,5.04151811602221,4.61853122969312e-07,8.39167854654873e-07,"HOXB9"
"ENSG00000107187",9.69223316180975,1.13622915268259,0.228585407982453,4.97069853544547,6.67121093886631e-07,1.20242119725895e-06,"LHX3"
"ENSG00000131759",1453.14748201965,1.1335594757508,0.0624700619539994,18.145643533786,1.38997526260686e-73,1.2678828408914e-72,"RARA"
"ENSG00000183770",41.6146849424504,1.13254966422759,0.0973652316059245,11.6319721685813,2.83471593775299e-31,1.15615302597176e-30,"FOXL2"
"ENSG00000236609",2204.55726317422,1.12723259957654,0.0630090984720739,17.8899972688252,1.41115273317967e-71,1.23704947389127e-70,"ZNF853"
"ENSG00000160094",1930.72064828833,1.12597438960827,0.0434066471787717,25.9401373474183,2.34941765552694e-148,5.11566747574415e-147,"ZNF362"
"ENSG00000064195",8.05294129656544,1.12299049715088,0.214274207027061,5.24090375940144,1.5979204328732e-07,2.99610081163725e-07,"DLX3"
"ENSG00000106038",8.0298828277937,1.12070816113629,0.23912450066328,4.68671406747402,2.77626412714543e-06,4.79278333970119e-06,"EVX1"
"ENSG00000103495",786.256279501035,1.11715440253616,0.0603543708142399,18.509917135489,1.71764672314866e-76,1.61029380295187e-75,"MAZ"
"ENSG00000142700",604.524995148592,1.11659079592764,0.180025066133229,6.20241847377685,5.56019902764586e-10,1.16016517578391e-09,"DMRTA2"
"ENSG00000071564",3755.60964373691,1.1142970906612,0.0568345427729889,19.6059831977883,1.37469708321687e-85,1.50881387182339e-84,"TCF3"
"ENSG00000163909",920.806014549807,1.1122317214502,0.0930685898109957,11.9506669619571,6.44062666689263e-33,2.76026857152541e-32,"HEYL"
"ENSG00000020633",259.881855552858,1.11197800891729,0.0903532062955154,12.3070121638006,8.30407866696228e-35,3.71208814582751e-34,"RUNX3"
"ENSG00000179348",176.919583675634,1.10623304396724,0.102199693019264,10.8242305948877,2.64289475481192e-27,9.77509018903037e-27,"GATA2"
"ENSG00000171532",144.3237144107,1.09850373360748,0.186879216184827,5.87814822875239,4.14881337752662e-09,8.40975684633775e-09,"NEUROD2"
"ENSG00000157933",5257.14457922947,1.09695744505809,0.052984146372976,20.7035032203064,3.22085620865456e-95,3.95286898334878e-94,"SKI"
"ENSG00000102554",123.834428380858,1.09393481279172,0.139433947693617,7.84554142579013,4.31089506893172e-15,1.06979932776798e-14,"KLF5"
"ENSG00000188290",589.98214783632,1.0878212579622,0.103514030360571,10.5089257385979,7.85835647583723e-26,2.78445701899744e-25,"HES4"
"ENSG00000131931",360.750097913164,1.08676427975166,0.0465735466904508,23.334368047484,1.98634885421034e-120,3.04723971952723e-119,"THAP1"
"ENSG00000131196",530.590042322254,1.08113373919421,0.0745843798201905,14.495444512653,1.29461569039155e-47,7.50099219754763e-47,"NFATC1"
"ENSG00000284691",314.067652324045,1.07438932885533,0.0558501989763536,19.2369830107538,1.81468107007772e-82,1.89908484077901e-81,""
"ENSG00000138136",23.462943707592,1.0690930735516,0.240331535993517,4.44840944045081,8.65085079818821e-06,1.45983107219426e-05,"LBX1"
"ENSG00000123388",115.761315177935,1.06824357277856,0.23526054820791,4.54068300408152,5.60722840869251e-06,9.53370069488021e-06,"HOXC11"
"ENSG00000184302",60.6103345844602,1.06460824206933,0.275096201467447,3.86994889929554,0.000108858168104866,0.000169307058688443,"SIX6"
"ENSG00000128714",266.212067259871,1.06448164735172,0.234153399641471,4.54608666362149,5.46525402491859e-06,9.30402639803291e-06,"HOXD13"
"ENSG00000153266",45.5174480068764,1.06244624772824,0.191165724542354,5.55772354208218,2.73315827986738e-08,5.36302860148396e-08,"FEZF2"
"ENSG00000108511",17.2374956313579,1.05582399820392,0.245156470015999,4.30673519705604,1.65681751429591e-05,2.73435653337344e-05,"HOXB6"
"ENSG00000182968",261.715473917169,1.05436938009802,0.196022657814358,5.37881381598525,7.49781977671909e-08,1.44188841859982e-07,"SOX1"
"ENSG00000251493",211.317268940158,1.05091001886129,0.111652559902888,9.41232354883166,4.85288236931757e-21,1.45910717117566e-20,"FOXD1"
"ENSG00000113196",1.03495075470037,1.04817691922553,0.310714624978174,3.37343927502338,0.000742354187059143,0.00109887955321255,"HAND1"
"ENSG00000213676",2757.05685602677,1.04071265710336,0.0383186756634716,27.1594108899607,1.96034216717242e-162,4.90085541793104e-161,"ATF6B"
"ENSG00000164920",85.4306149087619,1.03969929653591,0.157097312946005,6.61818637784885,3.63632390310357e-11,7.87967458938975e-11,"OSR2"
"ENSG00000088881",1399.65610575209,1.03803091618496,0.0727300524438575,14.2723795914522,3.25286722510569e-46,1.84511376213978e-45,"EBF4"
"ENSG00000019549",566.668265203008,1.03716669260445,0.147199435451246,7.0459964022618,1.84139011993864e-12,4.13623404645118e-12,"SNAI2"
"ENSG00000141448",20.9255283871786,1.03636838126893,0.255486061083288,4.05645762776499,4.98225960620546e-05,7.96925410945186e-05,"GATA6"
"ENSG00000148826",359.94687044008,1.03599396511229,0.209067830496209,4.9553006919019,7.22185170188425e-07,1.29475428918243e-06,"NKX6-2"
"ENSG00000103449",3979.05055133339,1.02731841097168,0.0783600803105275,13.1102266217773,2.87737340672519e-39,1.43868670336259e-38,"SALL1"
"ENSG00000169131",422.458989239356,1.02703732123231,0.0624610553022571,16.4428429244806,9.43854857586004e-61,6.850559450221e-60,"ZNF354A"
"ENSG00000111145",1891.93344296761,1.0241679570126,0.0757932757866237,13.5126493265165,1.31695420546535e-41,6.89103944720239e-41,"ELK3"
"ENSG00000179922",322.613581562832,1.02101196888534,0.0579918068364906,17.606141704881,2.2100584341771e-69,1.85315458766403e-68,"ZNF784"
"ENSG00000168505",134.098916842468,1.0190785908768,0.178275484201907,5.71631368967497,1.08859701356103e-08,2.16756042523214e-08,"GBX2"
"ENSG00000179111",21.608816733305,1.01727356513968,0.131557805099892,7.73252156622156,1.0543695069667e-14,2.59271190237713e-14,"HES7"
"ENSG00000175879",195.805458382291,1.01517989887025,0.19168356204696,5.29612392439549,1.18286578730399e-07,2.23026370511228e-07,"HOXD8"
"ENSG00000103241",218.94916213562,1.01153213279696,0.132915242076665,7.61035466657397,2.73344781380512e-14,6.63696861265631e-14,"FOXF1"
"ENSG00000175832",849.546113479148,1.00688753576417,0.133532780028358,7.54037724332808,4.68613844393408e-14,1.12768037420873e-13,"ETV4"
"ENSG00000089225",172.301974743294,1.00399270755175,0.30219389702583,3.32234607459969,0.000892639060937279,0.00130842859095041,"TBX5"
"ENSG00000180806",91.9599558426099,1.00263027107576,0.206020527704519,4.86665228095019,1.13504472487681e-06,1.9977971037597e-06,"HOXC9"
"ENSG00000139445",47.182052318773,0.998155438995871,0.171620983850616,5.81604543104529,6.02560962138117e-09,1.21593019265539e-08,"FOXN4"
"ENSG00000168062",408.555859127733,0.9940256696719,0.124941704563188,7.9559157060258,1.77811435069223e-15,4.48683060455048e-15,"BATF2"
"ENSG00000167081",1517.94569579179,0.991646712159915,0.0695684007889707,14.2542691928191,4.21693623184625e-46,2.37202663041352e-45,"PBX3"
"ENSG00000149922",102.533036856681,0.988902301912748,0.0852458089492083,11.6005973091529,4.0921207182693e-31,1.65400088912082e-30,"TBX6"
"ENSG00000163132",845.578721258064,0.983455018186945,0.0829536172370346,11.8554808210085,2.01563873489899e-32,8.5034759128551e-32,"MSX1"
"ENSG00000188816",2.04130163345913,0.982025852451032,0.373671034493368,2.62804917106429,0.00858761014969649,0.0115585979083652,"HMX2"
"ENSG00000243943",1402.36561573245,0.980134236183086,0.0384804548586233,25.4709628507274,4.13640932563419e-143,8.211989102362e-142,"ZNF512"
"ENSG00000126003",1008.83505353473,0.979701203431466,0.0516020509038517,18.985702821326,2.23920029400122e-80,2.27287247887342e-79,"PLAGL2"
"ENSG00000167034",86.3047989829597,0.976011562303662,0.114657326888433,8.512422091031,1.70337210765989e-17,4.55356900067496e-17,"NKX3-1"
"ENSG00000043039",11.8950014323207,0.971546568570882,0.160958440587832,6.0360088295011,1.57972613106271e-09,3.22636955663337e-09,"BARX2"
"ENSG00000170365",2408.97122174563,0.97096825607912,0.0524382793470697,18.516401914194,1.52280368063754e-76,1.43761186633613e-75,"SMAD1"
"ENSG00000152804",271.123867842284,0.969266326484871,0.084910158647049,11.4151986279272,3.51100964933003e-30,1.3899891573594e-29,"HHEX"
"ENSG00000163666",72.8699618189273,0.962417118216454,0.0810884969642971,11.868725580648,1.72068798623923e-32,7.28190840571461e-32,"HESX1"
"ENSG00000196453",1079.81651920026,0.957264449885664,0.0462438086722178,20.7003808157516,3.43644393345581e-95,4.1794588379868e-94,"ZNF777"
"ENSG00000116035",219.833469679851,0.952407447660099,0.115220307438706,8.26596863722792,1.38564981527098e-16,3.63228592352586e-16,"VAX2"
"ENSG00000139352",1841.10481010423,0.952093420865411,0.141980552873344,6.70580161576592,2.00303697197194e-11,4.37556620090957e-11,"ASCL1"
"ENSG00000130751",131.064995510479,0.941247506037311,0.110452912726383,8.52170832623485,1.57216912641921e-17,4.21116730290861e-17,"NPAS1"
"ENSG00000183734",42.7030691426105,0.934990007846527,0.107529495605394,8.6951957003286,3.46232512013335e-18,9.53905900444902e-18,"ASCL2"
"ENSG00000185122",2684.48198631741,0.933810381260053,0.0487570262411835,19.1523243571261,9.25616843881711e-82,9.53879953618557e-81,"HSF1"
"ENSG00000204103",3304.85462913169,0.933028215061469,0.120924753338956,7.71577521804951,1.20249077843727e-14,2.95156827434604e-14,"MAFB"
"ENSG00000125952",2065.86217966754,0.929485961114293,0.0410261355259117,22.6559472199676,1.21895110706289e-113,1.75062127078181e-112,"MAX"
"ENSG00000105722",3622.4998028318,0.924092083080086,0.0626961470811022,14.7392164606974,3.60948187314365e-49,2.13719321436137e-48,"ERF"
"ENSG00000176222",327.390618783601,0.915311602467228,0.121840199974901,7.51239412489296,5.80556910299866e-14,1.38963090231351e-13,"ZNF404"
"ENSG00000136327",4.47009887084027,0.910516293631785,0.286765253769251,3.17512767556017,0.0014977058692592,0.00216942373766086,"NKX2-8"
"ENSG00000180318",5.20871596497106,0.903887527563504,0.322308107379845,2.80442069829246,0.00504070858576095,0.00697229158891115,"ALX1"
"ENSG00000138795",935.398970029017,0.900625721861306,0.0859210035570056,10.4820205139221,1.04487201202044e-25,3.6829692329702e-25,"LEF1"
"ENSG00000135457",1896.10870475906,0.895116410186218,0.0455098024795717,19.6686507393218,4.00290845325434e-86,4.46605488586228e-85,"TFCP2"
"ENSG00000135374",17.401839277629,0.894961239515219,0.219318727524626,4.08064213036585,4.49114570045687e-05,7.19222621069606e-05,"ELF5"
"ENSG00000109705",59.6292775477713,0.891393218972611,0.168763408172633,5.28191050787964,1.27843647179751e-07,2.40709795945137e-07,"NKX3-2"
"ENSG00000066136",1892.70140486936,0.891183611712809,0.0364914656130167,24.4216996150168,1.00602610347397e-131,1.7411990252434e-130,"NFYC"
"ENSG00000178573",2337.25435495061,0.89074328276532,0.0729994230603324,12.2020592139357,3.03061449638476e-34,1.34583209543402e-33,"MAF"
"ENSG00000171443",480.981926505167,0.888781353713599,0.0682287590309795,13.0264915606928,8.64942002169819e-39,4.26157555813597e-38,"ZNF524"
"ENSG00000142409",1030.13109893909,0.883576164134751,0.0527036364386637,16.7649942933834,4.40056458384007e-63,3.28218905424536e-62,"ZNF787"
"ENSG00000122691",320.798189253682,0.879121910782589,0.153626621423228,5.72245814324515,1.04993716867741e-08,2.09676801437056e-08,"TWIST1"
"ENSG00000116604",2237.27382936082,0.874173468083677,0.0532207897898762,16.4254132930956,1.25823605164279e-60,9.08352229795599e-60,"MEF2D"
"ENSG00000179772",154.482853935928,0.870982591182106,0.10764193009582,8.09148061918604,5.89437730097962e-16,1.51281546698146e-15,"FOXS1"
"ENSG00000122859",4.49877487254194,0.86629394246326,0.178764929145502,4.84599494209603,1.25978725446906e-06,2.21159010862578e-06,"NEUROG3"
"ENSG00000159184",163.763962825268,0.866024751253483,0.280537652450917,3.08701788757216,0.00202175430368354,0.00288516734669427,"HOXB13"
"ENSG00000105672",55.0941086852848,0.864907573368252,0.0951139057349357,9.0933872043756,9.6000635895629e-20,2.78711523567955e-19,"ETV2"
"ENSG00000178860",116.760155574861,0.859428872835683,0.167352693164756,5.13543497020146,2.81492204627963e-07,5.17730894070504e-07,"MSC"
"ENSG00000177045",145.061195352605,0.853774561319067,0.0992150058444905,8.60529668926566,7.61196100055501e-18,2.08019177140673e-17,"SIX5"
"ENSG00000171425",743.573949111649,0.85165747268167,0.0652096939275237,13.060289373973,5.55163573861517e-39,2.74531437623827e-38,"ZNF581"
"ENSG00000181449",12980.2519234488,0.849022524271777,0.0722463474933599,11.7517709023257,6.91542011314098e-32,2.8725591239201e-31,"SOX2"
"ENSG00000197587",48.9539806402398,0.848720252140331,0.196200486871769,4.32578056085574,1.51992675781039e-05,2.51767008962457e-05,"DMBX1"
"ENSG00000181638",457.928702730157,0.848250921501896,0.0520667308119919,16.2916109437493,1.13207523227261e-59,8.08625165909005e-59,"ZFP41"
"ENSG00000215474",32.6187628305394,0.839680971303076,0.302180760771475,2.7787373662021,0.00545706268247184,0.00753275523654089,"SKOR2"
"ENSG00000204304",1673.60401065412,0.838022225163914,0.0448241021146398,18.6957950216299,5.35660693195884e-78,5.16529954153174e-77,"PBX2"
"ENSG00000141510",3473.6786615809,0.830978338191265,0.06439960972449,12.9034685419104,4.30284922723625e-38,2.08202381963044e-37,"TP53"
"ENSG00000187140",67.0162987862708,0.828991161289359,0.18044832149451,4.59406413106803,4.34695690115684e-06,7.43775895635201e-06,"FOXD3"
"ENSG00000124440",909.869480099537,0.82672880316344,0.155462917683325,5.31785209928628,1.04999362155991e-07,1.99928263625653e-07,"HIF3A"
"ENSG00000159556",43.7387700316647,0.826722667429049,0.134241184822168,6.15848756493189,7.344294993797e-10,1.52301048258463e-09,"ISL2"
"ENSG00000184486",3106.77721999272,0.820062959438618,0.0832157978572193,9.85465477174986,6.54411981749566e-23,2.12881006111304e-22,"POU3F2"
"ENSG00000129654",1861.67476566835,0.818966172597636,0.168078800942953,4.87251317836091,1.10187503623896e-06,1.94448535806875e-06,"FOXJ1"
"ENSG00000095794",1457.09579136026,0.8187934162077,0.082376055430469,9.93970167579604,2.79663402844082e-23,9.20842911803683e-23,"CREM"
"ENSG00000128272",11000.3641727685,0.812670979759941,0.0633058114906618,12.8372255346544,1.01445287184705e-37,4.87370596794846e-37,"ATF4"
"ENSG00000169957",1524.4862771037,0.808353372361547,0.0466711102097745,17.3202087700123,3.31154182035088e-67,2.70944330755981e-66,"ZNF768"
"ENSG00000178764",1981.8725447646,0.806775970071464,0.0574306221570973,14.0478361502786,7.94239208102605e-45,4.37642012627966e-44,"ZHX2"
"ENSG00000005073",77.9207901428333,0.804050474534935,0.207930103065459,3.86692673490288,0.000110215521715334,0.000171220891042234,"HOXA11"
"ENSG00000164683",5524.91624102837,0.80373755817391,0.074911413942229,10.7291735114457,7.42573445919617e-27,2.70938959997698e-26,"HEY1"
"ENSG00000134323",429.143588144951,0.803595128621252,0.138627322809464,5.79680190265054,6.75914521189961e-09,1.35988763577712e-08,"MYCN"
"ENSG00000198914",4390.86861259099,0.801567005676343,0.0748749053892893,10.7054159402117,9.59985719146046e-27,3.46518909317423e-26,"POU3F3"
"ENSG00000198176",3579.87629272597,0.800678920109441,0.0641623103148856,12.4789602522103,9.72482436891923e-36,4.4203747131451e-35,"TFDP1"
"ENSG00000143032",4.34523473772773,0.800089530082561,0.183752762280127,4.35416327980333,1.33576122074611e-05,2.22352361036653e-05,"BARHL2"
"ENSG00000184895",12.6129085230493,0.791579223350325,0.356469255554979,2.2206100835202,0.0263773822487136,0.0340434665733875,"SRY"
"ENSG00000063515",1.3969713599747,0.786266367926614,0.276326261441149,2.84542758920534,0.00443518421082474,0.00617267905630247,"GSC2"
"ENSG00000184481",707.055999140706,0.785521478954881,0.0668263835767104,11.7546609125298,6.68284870787463e-32,2.78452029494776e-31,"FOXO4"
"ENSG00000168779",647.60742946083,0.7816487765336,0.134049892553106,5.83102874345039,5.50866936337548e-09,1.11327898810732e-08,"SHOX2"
"ENSG00000126705",2692.98840642212,0.781457010495493,0.0672824788666976,11.6145692557455,3.47535406140427e-31,1.40892732219092e-30,"AHDC1"
"ENSG00000168310",1640.68268009808,0.77995533604066,0.0543895566745939,14.3401671888417,1.22759358578057e-46,6.99262169115513e-46,"IRF2"
"ENSG00000179195",7053.96684393389,0.777193308667212,0.0460768580442355,16.8673243284314,7.82619802165539e-64,5.9355996231656e-63,"ZNF664"
"ENSG00000170608",17.3647766385183,0.77624308230665,0.21955682499806,3.53549966990782,0.000407004753685626,0.000611186226335479,"FOXA3"
"ENSG00000164853",5.1806001737412,0.775534027139869,0.337209062058139,2.29986116745035,0.0214560867289818,0.0278516510424283,"UNCX"
"ENSG00000126778",383.329404690748,0.773538876796113,0.154131005745904,5.01871036948495,5.20195077546276e-07,9.41371789125299e-07,"SIX1"
"ENSG00000160113",771.832189186062,0.771219837602727,0.056020592212379,13.7667205423135,4.04146688095938e-43,2.18239211571807e-42,"NR2F6"
"ENSG00000151615",3.3880269277713,0.770513165719247,0.281862727717652,2.73364687824594,0.00626371798134257,0.0085847911419416,"POU4F2"
"ENSG00000130700",2.51577534843976,0.768794484916413,0.303817316442948,2.53044985689873,0.0113916366321542,0.0152113842269122,"GATA5"
"ENSG00000116044",5329.30042584939,0.768661054231869,0.0442647295124325,17.3650909583888,1.51659360704035e-67,1.24841546921005e-66,"NFE2L2"
"ENSG00000067082",4415.2636700814,0.768272790979922,0.0752185855989615,10.2138691503198,1.71871476425224e-24,5.85925487813262e-24,"KLF6"
"ENSG00000120837",1328.5318612779,0.768257012936184,0.0434018305574454,17.7010278845115,4.11723522139125e-70,3.51789085372037e-69,"NFYB"
"ENSG00000170260",866.665511024114,0.76595723801986,0.0369131094020933,20.7502768102333,1.21887694253899e-95,1.52359617817373e-94,"ZNF212"
"ENSG00000205927",5994.1486415125,0.759579204375129,0.140389607538568,5.41050878118921,6.28459412736327e-08,1.21550172950436e-07,"OLIG2"
"ENSG00000136535",93.3062301766388,0.757664305210652,0.182214637454672,4.15808694512333,3.20923884569984e-05,5.17619168661265e-05,"TBR1"
"ENSG00000152192",90.6471680855485,0.753654489476925,0.259477960602223,2.90450290162512,0.00367836793917956,0.00515124140860208,"POU4F1"
"ENSG00000090447",373.814207916171,0.753601870941748,0.0583226402567528,12.9212578104177,3.41512561988655e-38,1.65842431181541e-37,"TFAP4"
"ENSG00000070444",801.99421020342,0.751580540674273,0.0492892424536918,15.2483686755867,1.68797869723194e-52,1.08512916250625e-51,"MNT"
"ENSG00000126767",2001.49765681303,0.748183465171372,0.0550537202751269,13.5900618783323,4.58692454035732e-42,2.42837181548329e-41,"ELK1"
"ENSG00000196456",497.702492823491,0.741562118369662,0.0663337977324983,11.1792501517873,5.15234779110318e-29,1.99302851518318e-28,"ZNF775"
"ENSG00000089116",19.2105601251293,0.741349489983631,0.29315513419219,2.52886408428927,0.0114432331422778,0.0152651825514576,"LHX5"
"ENSG00000165244",526.83360152045,0.740200414643919,0.0918019405532255,8.06301490124559,7.44354463413054e-16,1.90317902577201e-15,"ZNF367"
"ENSG00000136630",144.13916855129,0.739750019723295,0.101429367803707,7.2932527900096,3.02559625143916e-13,7.04233610248769e-13,"HLX"
"ENSG00000123933",4350.06083190837,0.739562022842541,0.0527667321559172,14.0156873966964,1.24982244503152e-44,6.83101336353262e-44,"MXD4"
"ENSG00000126351",8132.62683841336,0.73867560191682,0.0799384887310218,9.24054999841599,2.45233408537211e-20,7.29218285297875e-20,"THRA"
"ENSG00000123685",447.873439689874,0.737176067569751,0.118753980105785,6.20759040592223,5.38031584295547e-10,1.126112618293e-09,"BATF3"
"ENSG00000160877",3189.24304716899,0.733123766464267,0.0487746421206884,15.0308384559792,4.6113182621464e-51,2.86879246723393e-50,"NACC1"
"ENSG00000153560",2457.93363995929,0.727976457181389,0.0309168945049339,23.5462347961634,1.37196212041254e-122,2.15366146808946e-121,"UBP1"
"ENSG00000106511",1541.93843585262,0.727924228245626,0.189618141406193,3.83889549199986,0.00012358901755918,0.00019133620837717,"MEOX2"
"ENSG00000260428",136.163155637926,0.727123981097392,0.153871024406178,4.72554195244701,2.29502445310195e-06,3.96707171790989e-06,"SCX"
"ENSG00000162772",2111.24451894667,0.726059253487329,0.11465951427211,6.33230707540107,2.41522190554068e-10,5.1025814905789e-10,"ATF3"
"ENSG00000198911",5570.49984709904,0.724455665534039,0.0672918040850883,10.7658826417848,4.98812619867546e-27,1.83988261426554e-26,"SREBF2"
"ENSG00000152467",148.035215057596,0.724400710232446,0.167712008450295,4.31931330932177,1.56515447652509e-05,2.58940997954519e-05,"ZSCAN1"
"ENSG00000205903",2413.06770413801,0.723105809785724,0.0573068069972657,12.618148657632,1.67717873538962e-36,7.80755618198618e-36,"ZNF316"
"ENSG00000174279",19.3049489990771,0.721044304444204,0.172865914798487,4.17111901605784,3.03107491472137e-05,4.90641622886553e-05,"EVX2"
"ENSG00000177374",317.064059183263,0.720996122684556,0.113157462250741,6.37161799446271,1.87044304327366e-10,3.97028004468465e-10,"HIC1"
"ENSG00000106031",102.623561749358,0.720267119250017,0.22206931538015,3.2434337811013,0.00118098259027316,0.00171802424231548,"HOXA13"
"ENSG00000077150",830.674697857216,0.718079314580859,0.0750158786384942,9.57236424625944,1.04488431324975e-21,3.22790348486764e-21,"NFKB2"
"ENSG00000170549",397.437334530779,0.717818198889334,0.274974800607914,2.61048720574534,0.00904133539056075,0.0121450773903055,"IRX1"
"ENSG00000204231",2730.43187098724,0.717333276267631,0.0388702778441599,18.4545446045842,4.79388798210197e-76,4.46327501781907e-75,"RXRB"
"ENSG00000178403",11.24056215032,0.711709334674221,0.250487622111432,2.84129542479991,0.00449306687765096,0.00624037066340411,"NEUROG2"
"ENSG00000133740",683.349171486859,0.70660904281772,0.0567725614422602,12.4463125296252,1.46456809898478e-35,6.63478836788407e-35,"E2F5"
"ENSG00000184271",1311.81432351177,0.705221389875214,0.0473786810855326,14.8847830652373,4.13826551333571e-50,2.53939020136509e-49,"POU6F1"
"ENSG00000087903",1238.20319631209,0.704990061844003,0.0764860313146691,9.21723940602465,3.04847354471991e-20,9.02508615213131e-20,"RFX2"
"ENSG00000171956",15.4542542361152,0.701742266614278,0.25775219958765,2.72254618093238,0.00647809786408507,0.00886960660904142,"FOXB1"
"ENSG00000079432",4793.44171168654,0.700788495027354,0.0471533259605603,14.8619101781601,5.8240585531027e-50,3.52577535725948e-49,"CIC"
"ENSG00000131408",2991.58296697862,0.696612827150568,0.0528577985159549,13.1789981177574,1.15920005951139e-39,5.83925403112078e-39,"NR1H2"
"ENSG00000113916",4210.10989667338,0.692926565950183,0.0765372196756387,9.05345881241537,1.38509880558022e-19,4.00403294975011e-19,"BCL6"
"ENSG00000177030",2922.65466121227,0.689671128164689,0.0602456639625573,11.447647561712,2.41613570740677e-30,9.59348001470337e-30,"DEAF1"
"ENSG00000179774",13.8161986158152,0.689442308282504,0.145811397686139,4.7283156133414,2.26390085670934e-06,3.92331984153737e-06,"ATOH7"
"ENSG00000101412",1255.33300982578,0.687373544315631,0.0966935952987635,7.10878049566557,1.17072767805114e-12,2.65181604927692e-12,"E2F1"
"ENSG00000112561",1250.48359569157,0.687053087952532,0.0515871898267097,13.3182887119935,1.81213679062983e-40,9.33734605858882e-40,"TFEB"
"ENSG00000114315",1440.95356952936,0.686649094607353,0.0800540554512799,8.57731804761897,9.71108254329866e-18,2.63781920190205e-17,"HES1"
"ENSG00000060566",1.4233617294411,0.686156804927121,0.249433639079741,2.75085913615591,0.00594391969909694,0.00817137636841228,"CREB3L3"
"ENSG00000143355",240.853879255382,0.68601721882071,0.183049302279883,3.7477182937949,0.000178450511976162,0.000274382905658108,"LHX9"
"ENSG00000124766",6702.54793271596,0.685700591010029,0.124629262992532,5.50192285940995,3.75671328950808e-08,7.32884818039871e-08,"SOX4"
"ENSG00000139800",221.876237773761,0.685242461002688,0.135251228698978,5.06644167002579,4.05320873882319e-07,7.40437320353357e-07,"ZIC5"
"ENSG00000164093",75.1171288012252,0.685001518546439,0.307519548911459,2.2275056040215,0.0259135016926876,0.0335088383957168,"PITX2"
"ENSG00000104856",711.512715971007,0.684993778636631,0.0856471860548626,7.99785503983572,1.26605296478251e-15,3.21877872402334e-15,"RELB"
"ENSG00000213588",736.251999590532,0.682697076274136,0.0376540116285088,18.1307926233615,1.82115126153418e-73,1.65003637790009e-72,"ZBTB9"
"ENSG00000125878",13.8741658581488,0.679742950596922,0.157961538397778,4.30321809657992,1.68334995351844e-05,2.7713688259145e-05,"TCF15"
"ENSG00000215612",148.477846703946,0.67511947897621,0.283869680070222,2.37827258905989,0.0173939622378315,0.0227537296715819,"HMX1"
"ENSG00000186416",493.920158590423,0.675063515714098,0.0394214200063271,17.1242820681181,9.78086163673786e-66,7.50236545999779e-65,"NKRF"
"ENSG00000168286",1466.97069025965,0.67302710819502,0.0519623091523799,12.9522170814496,2.28264981349323e-38,1.11248276108876e-37,"THAP11"
"ENSG00000155090",2121.00251964846,0.672870307144388,0.0682944632914038,9.85248693255463,6.68685431477247e-23,2.17001281849587e-22,"KLF10"
"ENSG00000105516",587.143921694573,0.672847083885311,0.0770993949157952,8.72700861816318,2.61497162712415e-18,7.2488946542456e-18,"DBP"
"ENSG00000165030",1652.67738478975,0.672617754950017,0.0738908139214288,9.10286027793981,8.79835766297308e-20,2.55986699245984e-19,"NFIL3"
"ENSG00000179965",509.202852933073,0.669980713803247,0.0612901291936514,10.9312987689483,8.16710361821806e-28,3.07977371078055e-27,"ZNF771"
"ENSG00000108788",2001.63598167333,0.668752409547476,0.0600790367800156,11.1312105750991,8.84263508333713e-29,3.41073067500146e-28,"MLX"
"ENSG00000135899",1209.59804511947,0.665021850449765,0.0690890308888099,9.62557792307196,6.23554073993604e-22,1.95632059481529e-21,"SP110"
"ENSG00000007866",671.986284105393,0.664192115522389,0.105134741812808,6.31753218840811,2.65773096370054e-10,5.60615125155582e-10,"TEAD3"
"ENSG00000134107",4069.35996590798,0.65870083509312,0.104850885147478,6.28226298868744,3.33679750277341e-10,7.02757664390655e-10,"BHLHE40"
"ENSG00000204335",59.7176127361534,0.655321045247868,0.133550197772515,4.90692680488667,9.25145385413368e-07,1.64335035566848e-06,"SP5"
"ENSG00000220201",74.1550273714133,0.653267636329106,0.075926229971821,8.60397831647321,7.69995341190836e-18,2.09998729415683e-17,"ZGLP1"
"ENSG00000172819",582.006653224293,0.651636490403184,0.0778661390525965,8.3686760167089,5.82692150712802e-17,1.53940196372267e-16,"RARG"
"ENSG00000180613",196.11152571434,0.648573901147414,0.208795489375952,3.10626394797067,0.00189467512044737,0.00271241931347185,"GSX2"
"ENSG00000112658",2129.24195110497,0.646916826775633,0.0584446017746286,11.068889292295,1.77587995694478e-28,6.81090324396435e-28,"SRF"
"ENSG00000144355",438.307184172453,0.646747143724627,0.192306505109543,3.36310590926823,0.000770707896857029,0.00113711001175627,"DLX1"
"ENSG00000121068",1422.99374028148,0.646201238401756,0.096877974098852,6.67025961693199,2.55351303292808e-11,5.5600687007305e-11,"TBX2"
"ENSG00000121297",966.305650684783,0.643506484452084,0.0818499879976783,7.86202295436302,3.77978744237785e-15,9.397261597072e-15,"TSHZ3"
"ENSG00000131061",247.309713734389,0.642496879959024,0.0369734251518526,17.3772615688225,1.22673099088253e-67,1.02227582573544e-66,"ZNF341"
"ENSG00000144485",5177.41853607905,0.641562636794471,0.135122085243185,4.74802202496965,2.0541567126527e-06,3.57820846720149e-06,"HES6"
"ENSG00000143178",133.218304743089,0.639476077325829,0.0725606281447909,8.81298982210833,1.21851616462368e-18,3.4414159461129e-18,"TBX19"
"ENSG00000128645",6.15525683329843,0.638232165792922,0.219129133263741,2.91258472247391,0.00358450948189186,0.00502501329237177,"HOXD1"
"ENSG00000009709",12.0104107971691,0.636495409339889,0.253802770573802,2.50783475649571,0.0121473458789225,0.0161565684103895,"PAX7"
"ENSG00000164736",80.1004029635882,0.626454214263401,0.0878559067203832,7.13047349516523,1.00024236203667e-12,2.2694574600832e-12,"SOX17"
"ENSG00000124613",332.803672378564,0.625975128803392,0.058298177220774,10.7374734279056,6.78765485946159e-27,2.48328836321766e-26,"ZNF391"
"ENSG00000136944",8.92318930687484,0.623996702020466,0.235611226007867,2.64841668452432,0.00808697799585686,0.0109502711077299,"LMX1B"
"ENSG00000065970",1323.2630139227,0.622671365714765,0.0405140941898973,15.3692530504615,2.63185889147494e-53,1.71642971183148e-52,"FOXJ2"
"ENSG00000125740",1146.33634461946,0.619807932551066,0.195975984442987,3.16267288725563,0.00156327880342185,0.00226197897601232,"FOSB"
"ENSG00000005513",8191.97955478951,0.618920111876535,0.14026361238911,4.41254935142815,1.02160497519914e-05,1.7111249584601e-05,"SOX8"
"ENSG00000157554",406.029540206263,0.618825243899108,0.0724038739132102,8.54685268140331,1.26490480481728e-17,3.40842612076513e-17,"ERG"
"ENSG00000170485",757.965535145519,0.614424330481418,0.106437902563257,5.77260840062364,7.80536976239095e-09,1.56571310241126e-08,"NPAS2"
"ENSG00000128713",90.1070985702161,0.612582630551755,0.198800577769581,3.08139260672455,0.00206034784819129,0.00293713790396857,"HOXD11"
"ENSG00000111783",3568.16616931682,0.604975355178773,0.093061679095894,6.50079991094277,7.9894038579377e-11,1.70659734307214e-10,"RFX4"
"ENSG00000106852",116.041312857614,0.604215252452384,0.133567537499058,4.52366842846559,6.0776912130124e-06,1.02947090810122e-05,"LHX6"
"ENSG00000250571",388.321762764211,0.603836495641321,0.0533971498518454,11.3084031135878,1.19239897046951e-29,4.69311548143977e-29,"GLI4"
"ENSG00000169740",1198.67894092908,0.603070400228354,0.0816815430024695,7.38319059680498,1.54540544731264e-13,3.62204401713899e-13,"ZNF32"
"ENSG00000135111",280.788603291072,0.601199479426427,0.131834798694511,4.56024877634572,5.10930546402847e-06,8.70904340459399e-06,"TBX3"
"ENSG00000186350",3456.85235810294,0.598446204854605,0.063555969756598,9.41605024904019,4.68376178063032e-21,1.41140142943101e-20,"RXRA"
"ENSG00000119950",2576.58603145862,0.595777200890985,0.0618962933683405,9.62540999580633,6.24573463974362e-22,1.95632059481529e-21,"MXI1"
"ENSG00000100811",4267.03915497282,0.589967130116214,0.0297260130770088,19.8468300672489,1.17376056961877e-87,1.35433911879088e-86,"YY1"
"ENSG00000230797",50.6955887345438,0.588352844176054,0.0792741321319971,7.42175068150105,1.1558223642355e-13,2.7326798453904e-13,"YY2"
"ENSG00000010030",143.734982147784,0.584521947316849,0.141123854529732,4.14190747031858,3.44429303651219e-05,5.54868209939315e-05,"ETV7"
"ENSG00000175213",723.287149505032,0.58327224386489,0.0460108933216201,12.6768293714222,7.94824400527275e-37,3.73872104777638e-36,"ZNF408"
"ENSG00000132024",2336.9861318087,0.578218490343937,0.0483136811060898,11.9680073450469,5.22688768313613e-33,2.24722878096617e-32,"CC2D1A"
"ENSG00000171161",1786.94532758546,0.578172016995914,0.0423448131226021,13.6539040878966,1.91346314451287e-42,1.02506954170332e-41,"ZNF672"
"ENSG00000159216",1948.24367328354,0.577475794682704,0.108811907328248,5.30710111477653,1.1138239777406e-07,2.10892338001376e-07,"RUNX1"
"ENSG00000087510",43.4277211987044,0.576748438475763,0.216424613820247,2.66489300036264,0.0077012822190827,0.0104594879233015,"TFAP2C"
"ENSG00000197905",401.456205513046,0.576144544380522,0.110802462318275,5.19974495445391,1.99562169390764e-07,3.71086678619188e-07,"TEAD4"
"ENSG00000236104",1569.01903781955,0.575497793204543,0.0454066392147149,12.674309377604,8.20783993369276e-37,3.84742496891848e-36,"ZBTB22"
"ENSG00000156150",20.9011430711272,0.574384763768415,0.176069493192949,3.26226169765233,0.00110527057129074,0.00161135558449515,"ALX3"
"ENSG00000163508",20.3263248780515,0.573888312402245,0.161835285570539,3.54612599087425,0.000390939247647891,0.000588370105155689,"EOMES"
"ENSG00000165606",4.29653244652814,0.573004766437397,0.256886831276728,2.23057275294947,0.0257094433198104,0.0332768441819214,"DRGX"
"ENSG00000101216",952.281838918273,0.567293279683756,0.0421517268031325,13.4583639321177,2.74936524033338e-41,1.43306682411199e-40,"GMEB2"
"ENSG00000152977",2602.97675582971,0.56281993449056,0.108867372236685,5.16977605803647,2.34374680313812e-07,4.34623376955559e-07,"ZIC1"
"ENSG00000025434",1018.97634729338,0.561640034314016,0.0757923586355117,7.41024615706926,1.2606520220542e-13,2.96494813549334e-13,"NR1H3"
"ENSG00000073861",22.3622490323962,0.560849677535075,0.136848601953202,4.09832230311617,4.16155541494496e-05,6.67232756552933e-05,"TBX21"
"ENSG00000168214",4332.13738448613,0.560498057090619,0.0570515575616391,9.82441288276924,8.83875533669401e-23,2.85462193888443e-22,"RBPJ"
"ENSG00000143171",154.29378985696,0.558513329387517,0.179992586163086,3.10297963540267,0.00191582823046336,0.00273979672788723,"RXRG"
"ENSG00000099326",1168.20974525943,0.557026737436021,0.0687178451833658,8.10599831746265,5.23141689646553e-16,1.34522148766257e-15,"MZF1"
"ENSG00000229809",730.920899018412,0.555399103764496,0.0596841675466766,9.30563542383566,1.33193503640447e-20,3.96934282372193e-20,"ZNF688"
"ENSG00000128610",63.706834961274,0.55530732915225,0.264965967611994,2.09576850248716,0.0361027317290288,0.0457640261353886,"FEZF1"
"ENSG00000101190",846.816365867871,0.552303679819918,0.0611091497355733,9.0379866551867,1.59583849570711e-19,4.60338027607821e-19,"TCFL5"
"ENSG00000166823",228.178976901974,0.551775981902253,0.0956660364272205,5.76773118767208,8.03458253407337e-09,1.60930065593458e-08,"MESP1"
"ENSG00000188313",2971.88549436052,0.551465654735713,0.0891008590121765,6.18922938397654,6.04590499191317e-10,1.25762276411137e-09,"PLSCR1"
"ENSG00000118495",371.203647737818,0.549571104183996,0.137457141015223,3.99812698070835,6.38456992731277e-05,0.00010128283668475,"PLAGL1"
"ENSG00000170122",23.6438263550408,0.548052290500789,0.108383594831319,5.05659819969749,4.26801145072011e-07,7.78623710604344e-07,"FOXD4"
"ENSG00000163792",90.3521346886105,0.546882567652023,0.207572413987313,2.63465918783143,0.00842218009211355,0.0113813244488021,"TCF23"
"ENSG00000122386",516.25601138268,0.544523637579966,0.0506549165915197,10.7496700067832,5.94740092787808e-27,2.18179110125962e-26,"ZNF205"
"ENSG00000126456",1862.3330488582,0.540151104325849,0.0555115236377305,9.73043197032183,2.23641209500159e-22,7.1884674482194e-22,"IRF3"
"ENSG00000151650",106.504450308946,0.537894841667454,0.144278065410839,3.72818168954352,0.000192866314356434,0.000294869223534752,"VENTX"
"ENSG00000170178",31.317892270385,0.537556816491056,0.17957514585156,2.99349230062945,0.00275804467493756,0.00391109276382952,"HOXD12"
"ENSG00000197928",1089.52314377203,0.535927043432611,0.065306267144973,8.20636467006925,2.27986254038075e-16,5.93027828422738e-16,"ZNF677"
"ENSG00000176678",97.6506182574662,0.530106110848538,0.12548888885647,4.22432707532263,2.3965578459535e-05,3.90271784322946e-05,"FOXL1"
"ENSG00000275410",4.88343691532402,0.528065970720922,0.141001217142693,3.74511639985716,0.000180310157242529,0.000276926862659174,"HNF1B"
"ENSG00000197213",4.23624808812565,0.527414717378519,0.14013673499059,3.76357218122669,0.000167503349109583,0.00025813872294285,"ZSCAN5B"
"ENSG00000153879",2628.05263132802,0.52628163662296,0.0443259044843719,11.8730038956907,1.63489967491833e-32,6.94061182748349e-32,"CEBPG"
"ENSG00000103343",498.893651880623,0.525589313029342,0.0356604169883974,14.7387315521395,3.63548997229806e-49,2.14319277842899e-48,"ZNF174"
"ENSG00000128652",180.365425943459,0.52444828526415,0.16974144229158,3.0896891070553,0.00200366107240265,0.00286237296057521,"HOXD3"
"ENSG00000102034",612.989993817579,0.522869592168599,0.0996814965241529,5.24540271164476,1.55941330943556e-07,2.92796657543534e-07,"ELF4"
"ENSG00000171223",5240.95522554448,0.521211658934721,0.109391977231287,4.76462417196032,1.89205972706012e-06,3.30437339137278e-06,"JUNB"
"ENSG00000158055",179.942698647842,0.520650434783988,0.141222296303217,3.68674386703147,0.000227141768373059,0.000344928444661,"GRHL3"
"ENSG00000213999",7.31300725085621,0.519043120762187,0.117855202362177,4.4040747490054,1.06236310998485e-05,1.77498786940539e-05,"MEF2B"
"ENSG00000129535",132.604284052912,0.518720225449348,0.060533166246498,8.56919037304377,1.04215128435006e-17,2.81380846774516e-17,"NRL"
"ENSG00000078900",402.237923951868,0.515622795703138,0.147148827244336,3.50409041892642,0.000458169763732339,0.000684213695839224,"TP73"
"ENSG00000136826",378.094886940332,0.512443140450746,0.0938829257463902,5.45832095002056,4.80658233663993e-08,9.3499800496598e-08,"KLF4"
"ENSG00000124444",747.899212552005,0.51181095061603,0.049343267593594,10.3724575930289,3.30903194855778e-25,1.14543413603923e-24,"ZNF576"
"ENSG00000128710",313.544682238857,0.510534302907068,0.190599381217529,2.67857271962705,0.00739366754575871,0.0100721000875623,"HOXD10"
"ENSG00000143842",2429.1942084863,0.50933538488083,0.0993671873640562,5.12579049877656,2.96291930717978e-07,5.44209668665673e-07,"SOX13"
"ENSG00000085274",879.209631087026,0.50728194297411,0.0514229599139622,9.86489194365443,5.90980464113505e-23,1.92711020906578e-22,"MYNN"
"ENSG00000006468",9183.52526274107,0.506171328275098,0.0899642841484676,5.62635864961439,1.84053472073521e-08,3.64328720380136e-08,"ETV1"
"ENSG00000197363",747.062309277233,0.505224744639678,0.0431393413423786,11.7114617172739,1.11343324746529e-31,4.59674276476497e-31,"ZNF517"
"ENSG00000130182",2.64097057037292,0.504134347175811,0.187517682402145,2.68846297969201,0.00717817946096893,0.0097884265376849,"ZSCAN10"
"ENSG00000177426",2283.29061440504,0.502276364727912,0.0619626869593227,8.10611013459837,5.22660725687295e-16,1.34522148766257e-15,"TGIF1"
"ENSG00000105419",2270.71600878693,0.500803893714101,0.0956448843225266,5.2360761086325,1.64026336635554e-07,3.07122821717056e-07,"MEIS3"
"ENSG00000189120",113.617917892851,0.499365712637379,0.120988225995827,4.12739097980164,3.66902279400957e-05,5.90367195698799e-05,"SP6"
"ENSG00000229544",13.0679920065683,0.498632968821156,0.23332198258072,2.13710239946487,0.0325896638458415,0.0415448972539056,"NKX1-2"
"ENSG00000154727",1474.65778132522,0.497996678208836,0.0398645706917642,12.4922122467938,8.23319970431824e-36,3.76773545790834e-35,"GABPA"
"ENSG00000121864",2005.01705141646,0.4971322508916,0.0502086991614312,9.90131708637221,4.10828452863698e-23,1.3461611926359e-22,"ZNF639"
"ENSG00000136997",1865.55778148826,0.496024338922774,0.0909987367982708,5.45089257691981,5.01176382521296e-08,9.73508081156474e-08,"MYC"
"ENSG00000124232",2.79958726121331,0.494197469083455,0.206883398980384,2.38877295867666,0.0169047455659268,0.0221567053533993,"RBPJL"
"ENSG00000276644",227.537951029571,0.492832694795053,0.140535202460465,3.50682737254886,0.000453483236246761,0.000677964971133032,"DACH1"
"ENSG00000173253",72.5689013180393,0.488901950004098,0.224027796082654,2.18232718686265,0.0290853939134728,0.0372182765717425,"DMRT2"
"ENSG00000213347",724.497607443295,0.484693546985697,0.097168536122717,4.9881738094064,6.09527195926381e-07,1.10008250601686e-06,"MXD3"
"ENSG00000160973",5.21550328536206,0.483718089599507,0.141981630576269,3.40690614438089,0.000657037162114741,0.000975797765516943,"FOXH1"
"ENSG00000111269",3109.87509656723,0.47972143354566,0.0725073905592284,6.61617291486714,3.68617172377824e-11,7.97489074855869e-11,"CREBL2"
"ENSG00000170345",13565.2342754071,0.479169493275009,0.11968638854796,4.00354208267384,6.24010948955095e-05,9.91076213046327e-05,"FOS"
"ENSG00000171163",1217.18881634271,0.471308656530537,0.0761845039354964,6.18641104403047,6.1549390680042e-10,1.27833349873933e-09,"ZNF692"
"ENSG00000137871",682.407162790332,0.466775063957692,0.0614311601288679,7.59834362526297,2.99945009307131e-14,7.25673409614027e-14,"ZNF280D"
"ENSG00000112242",1271.99008268165,0.466362603590586,0.065080602551767,7.16592325984732,7.72640478915916e-13,1.76193352455487e-12,"E2F3"
"ENSG00000169016",1026.04283449142,0.463130058257034,0.0384960533716831,12.030585415743,2.45414414991132e-33,1.06874019431622e-32,"E2F6"
"ENSG00000113722",7.83652533709577,0.460917376677077,0.179172091538142,2.57248421180013,0.0100971561195718,0.0135364059199821,"CDX1"
"ENSG00000074219",1174.76349990986,0.459797399521586,0.112122908265183,4.1008336889917,4.11664349955379e-05,6.6081673298426e-05,"TEAD2"
"ENSG00000175727",2589.38760863432,0.458265273422897,0.063729284747141,7.19081149649111,6.44073544145614e-13,1.48125942861427e-12,"MLXIP"
"ENSG00000064490",1810.72223872635,0.457115972540901,0.0587247525738079,7.78404254605206,7.02431184107463e-15,1.73678040026571e-14,"RFXANK"
"ENSG00000065029",1796.85791756682,0.455957106675093,0.0388332912125214,11.7413974566254,7.818377199961e-32,3.23767153986115e-31,"ZNF76"
"ENSG00000100219",3958.22041604818,0.448721522826283,0.0745011375838542,6.02301572001137,1.71196808197045e-09,3.49117358105757e-09,"XBP1"
"ENSG00000116819",98.2690090795299,0.447418044963315,0.0882444981176233,5.07020895928197,3.97379162672867e-07,7.26913102450367e-07,"TFAP2E"
"ENSG00000177551",64.5436064169932,0.447143567504295,0.213851799303628,2.09090392954533,0.0365366767882587,0.0462706507168379,"NHLH2"
"ENSG00000118707",1054.2488170054,0.446212576483591,0.0735198024541104,6.06928421444151,1.2848159496136e-09,2.6320205341098e-09,"TGIF2"
"ENSG00000120798",894.139589518152,0.440885782178964,0.0458497992409681,9.61587159546427,6.85264972029217e-22,2.13650741856684e-21,"NR2C1"
"ENSG00000107175",3292.8005950265,0.439034686271421,0.071530906313993,6.13769220739674,8.37288856619728e-10,1.72834855724256e-09,"CREB3"
"ENSG00000115415",9958.02280725905,0.437680529842053,0.0847845658881499,5.16226656652879,2.43977523481546e-07,4.51810228669529e-07,"STAT1"
"ENSG00000198546",194.874635162316,0.431820359199346,0.0706477131782394,6.11230484007165,9.82023660234493e-10,2.02401823101766e-09,"ZNF511"
"ENSG00000109787",2990.58431954496,0.431351175295948,0.0494691575441788,8.7195981639818,2.79190846974391e-18,7.70772276923166e-18,"KLF3"
"ENSG00000129173",169.171517431129,0.430847723565422,0.094936678890029,4.53826412091473,5.67191926100444e-06,9.63156100925283e-06,"E2F8"
"ENSG00000163435",52.0251253295604,0.428894354983017,0.14507882097858,2.95628508758242,0.0031136914121001,0.00439390064884187,"ELF3"
"ENSG00000140044",1063.31147417427,0.421766680960904,0.0743350252658076,5.67386207851209,1.39613551237667e-08,2.77582171091091e-08,"JDP2"
"ENSG00000182759",11.2698565248398,0.421719904274102,0.148354847750465,2.84264323457391,0.00447411220437733,0.00622044436241956,"MAFA"
"ENSG00000102935",1011.17610451263,0.421296587105136,0.110552519788537,3.81082754071082,0.000138502368625057,0.000213933864581037,"ZNF423"
"ENSG00000124831",2734.97152194435,0.420532410974892,0.0536794412860985,7.8341428468593,4.72051866353988e-15,1.1693027882163e-14,"LRRFIP1"
"ENSG00000165821",3290.57049131806,0.420208760306119,0.0703707193106869,5.97135803672684,2.35286747317245e-09,4.78369139876929e-09,"SALL2"
"ENSG00000179981",1686.79353460179,0.416731082489969,0.0665004662194421,6.26658888547963,3.69042771028727e-10,7.76024518518351e-10,"TSHZ1"
"ENSG00000186026",205.477948195409,0.414737342305804,0.0471486089241484,8.79638555133246,1.4129353389286e-18,3.95739150944731e-18,"ZNF284"
"ENSG00000197063",1748.73919219777,0.413462250390838,0.0549172160136397,7.52882757727825,5.11979361771918e-14,1.22984366261938e-13,"MAFG"
"ENSG00000074047",647.755842034156,0.411580522565197,0.11851985749725,3.47267142617638,0.00051530580384817,0.000768688215685116,"GLI2"
"ENSG00000177606",13907.8455437404,0.410297282270958,0.0773809474287019,5.30230367945549,1.14350411463416e-07,2.16208761170324e-07,"JUN"
"ENSG00000185610",581.218304977176,0.404372100444126,0.16307134691648,2.47972502889323,0.0131483734825548,0.0174535931184355,"DBX2"
"ENSG00000188095",12.3033282867803,0.395946968441104,0.175112489816936,2.26110067223093,0.0237530237720062,0.0307740711057661,"MESP2"
"ENSG00000185022",973.525402343392,0.393628471626949,0.101953300476579,3.86087031794891,0.000112983861176097,0.000175319784583599,"MAFF"
"ENSG00000102878",382.989478463577,0.391976953880084,0.125730122253719,3.11760576426616,0.00182326513943441,0.00261573638494841,"HSF4"
"ENSG00000116016",9725.23126952074,0.391850731009918,0.0764861558857974,5.1231589098947,3.00458920073168e-07,5.51113508286382e-07,"EPAS1"
"ENSG00000107859",2.39715398197276,0.387954849239351,0.175808317162775,2.2066922401638,0.0273355677408204,0.0351122896766009,"PITX3"
"ENSG00000168874",880.643681905093,0.385704096566469,0.104586522749323,3.68789483030179,0.000226117066361169,0.000343759053589615,"ATOH8"
"ENSG00000102974",2764.72624656662,0.385613306273463,0.0300648758903358,12.8260401832364,1.17202985948495e-37,5.61078124221517e-37,"CTCF"
"ENSG00000160199",1115.46948940922,0.385523043355455,0.0341573224421905,11.2866880595788,1.5268199884442e-29,5.99188076860368e-29,"PKNOX1"
"ENSG00000174282",4820.91617874148,0.384243179338375,0.0440288708565056,8.72707321045459,2.61347911816199e-18,7.2488946542456e-18,"ZBTB4"
"ENSG00000181135",425.035974186356,0.383711372929745,0.0446736256667706,8.58921493840513,8.75655729209964e-18,2.38333716619648e-17,"ZNF707"
"ENSG00000127124",1119.43934533147,0.383221457712044,0.086157069088179,4.44793981234238,8.66978133776036e-06,1.46119910186972e-05,"HIVEP3"
"ENSG00000177485",2045.82766608075,0.382882650518025,0.0530519839874284,7.21712218356914,5.30992649589668e-13,1.2232765818192e-12,"ZBTB33"
"ENSG00000170954",854.105658551245,0.381999007192273,0.0746079670629162,5.12008331322226,3.05400705393799e-07,5.59417845700988e-07,"ZNF415"
"ENSG00000184517",1018.50925587225,0.381856368634362,0.0442239328339594,8.63460900386354,5.89282465507591e-18,1.62022673815733e-17,"ZFP1"
"ENSG00000186564",35.67499643767,0.380596020929039,0.156979868879233,2.42448935424858,0.0153299327815784,0.0202103606007137,"FOXD2"
"ENSG00000185507",1091.13529498215,0.37698591740936,0.0851298740055324,4.42836221494772,9.4951345988579e-06,1.5963177719126e-05,"IRF7"
"ENSG00000179627",525.905537153823,0.375426695581971,0.096677268264454,3.88329854909654,0.000103048912188266,0.000160642068653764,"ZBTB42"
"ENSG00000197162",589.13593738406,0.373402154252769,0.0427355849996164,8.73749953946157,2.38326663322718e-18,6.64754122904276e-18,"ZNF785"
"ENSG00000164011",669.244960876843,0.372881022287478,0.0513053028829362,7.26788463052805,3.65160440581037e-13,8.47021640523025e-13,"ZNF691"
"ENSG00000123358",1259.39337417042,0.370939145713576,0.128188486333375,2.89370095804773,0.00380730572468402,0.00532628262002427,"NR4A1"
"ENSG00000196588",2601.04276498074,0.367387473151561,0.0601645692624894,6.10637585633999,1.01918841141975e-09,2.09741517594004e-09,"MRTFA"
"ENSG00000106546",1870.58873684613,0.367007151562764,0.132784156040842,2.76393782590958,0.00571084197783154,0.007875011920401,"AHR"
"ENSG00000160062",358.460688866616,0.365796874152683,0.0680112328792989,5.37847732891229,7.51184391319627e-08,1.44253048119701e-07,"ZBTB8A"
"ENSG00000156127",84.877128863606,0.361688837662743,0.135325167450776,2.67273888867941,0.00752347854792718,0.0102282940983904,"BATF"
"ENSG00000165702",19.3816766865398,0.361566531601847,0.142050184800858,2.5453436199941,0.0109170250121527,0.0145920631350556,"GFI1B"
"ENSG00000153896",516.909670904974,0.359556041012902,0.0419314909785697,8.57484512527025,9.92202211594222e-18,2.68970479046627e-17,"ZNF599"
"ENSG00000159263",267.969242403288,0.353733263999673,0.164328044935528,2.15260434783639,0.0313497865530282,0.0400020905922382,"SIM2"
"ENSG00000175197",1816.9873865503,0.345720025999761,0.125955816125943,2.7447722275411,0.00605529091001329,0.00830756374849385,"DDIT3"
"ENSG00000104903",397.155206021494,0.345549531673213,0.088644727297817,3.89813971125751,9.69344883558575e-05,0.000151987873728696,"LYL1"
"ENSG00000163884",1638.68168060276,0.345028955071898,0.097232822098794,3.54848237070944,0.00038745793436116,0.000583781485923624,"KLF15"
"ENSG00000136451",4053.51916599539,0.344693062484237,0.0356923825818473,9.65732847040432,4.5764247511949e-22,1.44687901969862e-21,"VEZF1"
"ENSG00000110925",2426.84268807998,0.344049609504509,0.0373456315260584,9.21257977025891,3.18379381562011e-20,9.40508019931542e-20,"CSRNP2"
"ENSG00000089335",2676.99800254186,0.342195303595523,0.042576191554635,8.03724549097839,9.18804755113098e-16,2.34477584008069e-15,"ZNF302"
"ENSG00000123268",673.201780259965,0.337021570252452,0.0532193242808641,6.33269164549754,2.40920750585199e-10,5.09785287288431e-10,"ATF1"
"ENSG00000091010",10.3497870363188,0.330860469497879,0.0957351083988217,3.45599931970153,0.000548256704742642,0.00081603809415939,"POU4F3"
"ENSG00000039600",8.38276828387574,0.330577353727231,0.130739987870153,2.52850990054818,0.0114547855692672,0.0152655089027746,"SOX30"
"ENSG00000100644",12950.6102872432,0.330104779339846,0.0743206168411294,4.44163131807007,8.9279435117528e-06,1.50283338414792e-05,"HIF1A"
"ENSG00000065320",4936.5758322564,0.324752803252144,0.0901242348985217,3.60339040456554,0.000314093216670647,0.000475365294288535,"NTN1"
"ENSG00000125618",123.343863218054,0.32419050903553,0.156782595002658,2.0677710368937,0.0386615584157445,0.048869947435632,"PAX8"
"ENSG00000143578",365.856306783176,0.323662851610553,0.0763394861028886,4.2397829502589,2.23736015147224e-05,3.65670242674035e-05,"CREB3L4"
"ENSG00000176887",3191.70550051611,0.321738430479628,0.138177400682373,2.32844465803206,0.0198885046613732,0.0258416566822462,"SOX11"
"ENSG00000160685",1316.09366148432,0.319117495790319,0.0697538485010897,4.5749088064343,4.76427462332251e-06,8.13118930655549e-06,"ZBTB7B"
"ENSG00000180787",1008.45343787327,0.319022446640583,0.0792274881429311,4.02666365068961,5.65738689247788e-05,9.02774504118811e-05,"ZFP3"
"ENSG00000153234",305.967543257252,0.317974274152154,0.120871942205457,2.63067067799459,0.00852165676962003,0.011504236638987,"NR4A2"
"ENSG00000205250",2684.28454863813,0.31266726367136,0.0435760904648197,7.17520228033734,7.22003536460182e-13,1.65484681531621e-12,"E2F4"
"ENSG00000144655",2414.98037499806,0.308417379688196,0.0663359095141649,4.64932767104579,3.33018792764636e-06,5.72707478002876e-06,"CSRNP1"
"ENSG00000063587",2397.17777898986,0.308007172795815,0.053039404380987,5.8071386055426,6.3549526398705e-09,1.28047553191421e-08,"ZNF275"
"ENSG00000147180",1531.79149633614,0.307649088846714,0.0824875117543862,3.72964443105965,0.000191750168895403,0.000293717818191684,"ZNF711"
"ENSG00000188779",65.9158727424841,0.306273375697535,0.085438917899476,3.5847056965057,0.000337458516660038,0.000510155652285612,"SKOR1"
"ENSG00000062194",4764.50557843433,0.305880968784359,0.0321763296350917,9.50639716379471,1.97380332055944e-21,6.01497625904118e-21,"GPBP1"
"ENSG00000186918",2691.52605405152,0.305528357950389,0.0772986931914583,3.95256821733891,7.73168772324624e-05,0.000122222229817124,"ZNF395"
"ENSG00000170265",2143.93386137545,0.30486701261644,0.0449422456092156,6.78352869296601,1.17275488552647e-11,2.57433999261908e-11,"ZNF282"
"ENSG00000198517",886.13888741495,0.302848881697982,0.0813755031626727,3.72162223184754,0.00019794700715902,0.000301953061767997,"MAFK"
"ENSG00000184492",16.2720291976451,0.30039228571515,0.106225200431189,2.8278815619627,0.00468571386169058,0.00650124739289033,"FOXD4L1"
"ENSG00000257923",6296.24390265914,0.300287103591949,0.0399022095587069,7.52557582431984,5.24884826948193e-14,1.25860482483137e-13,"CUX1"
"ENSG00000166949",2367.68558626469,0.300206260509553,0.0678700827986499,4.42324877369275,9.72276765559674e-06,1.63052625280194e-05,"SMAD3"
"ENSG00000134954",3242.04177551114,0.298160656450452,0.069223968385851,4.30718815177597,1.65342960936655e-05,2.73210522967545e-05,"ETS1"
"ENSG00000166888",2038.24460481513,0.297442200372223,0.0884678390405523,3.362150625561,0.000773379244229113,0.00113980565470448,"STAT6"
"ENSG00000244405",5370.06802265121,0.291194979185463,0.0862243720356649,3.37717715201238,0.000732338675885441,0.00108524392145483,"ETV5"
"ENSG00000006704",1573.2897189771,0.289495956075674,0.0477304410885378,6.06522691752778,1.31767479461828e-09,2.69524389808285e-09,"GTF2IRD1"
"ENSG00000116990",405.782866984158,0.288959342373801,0.113518479517278,2.54548284651593,0.0109126725284518,0.0145920631350556,"MYCL"
"ENSG00000125347",1342.37490160995,0.288627534058637,0.096175522975158,3.00104980071894,0.00269050558707189,0.00381932969773612,"IRF1"
"ENSG00000133937",132.799909566713,0.285869695763916,0.131224273743785,2.17848182815685,0.0293701836727368,0.0375471098088965,"GSC"
"ENSG00000142611",516.963716365115,0.28386857293491,0.129664549713341,2.18925352814227,0.0285784180205245,0.0366042356050361,"PRDM16"
"ENSG00000124664",11.9195534008658,0.283778791726694,0.128877964254169,2.20191863961347,0.0276710560824769,0.0355094350868288,"SPDEF"
"ENSG00000185697",495.479304261731,0.273171414349125,0.0774383610593475,3.52759808720346,0.000419348358627538,0.000628324399719396,"MYBL1"
"ENSG00000173153",1334.62365401004,0.27210307157678,0.0553444792314018,4.91653504298207,8.80894353686973e-07,1.57094765849064e-06,"ESRRA"
"ENSG00000128604",848.334435519065,0.269543139452839,0.0892182860408952,3.02116473442773,0.00251804323964114,0.00358204254321975,"IRF5"
"ENSG00000150907",1693.67815297535,0.267236123437567,0.0837071062404225,3.19251417758983,0.00141040020737149,0.00204735513973281,"FOXO1"
"ENSG00000277462",300.536121430464,0.265963102347775,0.0666728326457684,3.9890775866811,6.63307252930768e-05,0.000105101501344664,"ZNF670"
"ENSG00000101126",5783.68717759418,0.263294502418583,0.0316208259417934,8.32661686014298,8.31854229177592e-17,2.19336564333935e-16,"ADNP"
"ENSG00000025156",1011.757663614,0.263079775789931,0.0574502981334794,4.57925866944492,4.6662683476505e-06,7.97400287256731e-06,"HSF2"
"ENSG00000185252",893.257709628529,0.26199693951378,0.0697123842930325,3.75825532537359,0.000171102238886115,0.000263384290189572,"ZNF74"
"ENSG00000137504",2926.96925007723,0.258849291434339,0.0463946524176978,5.57929153351298,2.41500184947195e-08,4.75255466003955e-08,"CREBZF"
"ENSG00000156853",874.960375126544,0.255244896207787,0.0341888768652535,7.46572919648013,8.28395603566452e-14,1.96198958739423e-13,"ZNF689"
"ENSG00000198815",3173.60834189584,0.254968163957557,0.0343661768803968,7.41915997362501,1.17865480786637e-13,2.78179019339091e-13,"FOXJ3"
"ENSG00000158773",3893.77933466735,0.253704706634658,0.0508048768668364,4.99370773596475,5.92310107117392e-07,1.07043995262179e-06,"USF1"
"ENSG00000121413",2284.60387772353,0.250782270222536,0.0686301414926346,3.65411267947699,0.000258072920160693,0.000391458923839254,"ZSCAN18"
"ENSG00000157557",2440.47069226276,0.249143947169892,0.078833181030046,3.16039444196645,0.00157555683525241,0.00227495382606513,"ETS2"
"ENSG00000198464",853.693791806228,0.247261248974174,0.0503504250494834,4.91080757970108,9.07020607069478e-07,1.61327775960974e-06,"ZNF480"
"ENSG00000146592",2773.15851796519,0.246289072863106,0.0764531860525688,3.2214363531398,0.00127549788981275,0.0018535222295449,"CREB5"
"ENSG00000169951",453.372571660722,0.245233705288557,0.0395319642418402,6.20342828877207,5.52462203789198e-10,1.15452627726845e-09,"ZNF764"
"ENSG00000001167",1124.77981574742,0.24416279408619,0.0407924930543777,5.98548349964082,2.15747994634444e-09,4.393058714276e-09,"NFYA"
"ENSG00000204947",445.642406937224,0.243811121900942,0.0575439344427412,4.23695606256373,2.26570451169499e-05,3.69855029115868e-05,"ZNF425"
"ENSG00000141568",2436.45533311117,0.237881406951895,0.0353589853122364,6.7276084098933,1.72474326995033e-11,3.77374945613119e-11,"FOXK2"
"ENSG00000140968",1072.38403280207,0.232322711682679,0.104882125256198,2.21508394414377,0.0267543032698533,0.0344640357006698,"IRF8"
"ENSG00000119138",3949.29674845344,0.230233136753412,0.0914474508387643,2.51765505371328,0.0118138957925479,0.01572855948712,"KLF9"
"ENSG00000171469",1932.15394117902,0.229869627268778,0.046340117269984,4.96048868261437,7.03160581928359e-07,1.26232285319586e-06,"ZNF561"
"ENSG00000146676",4685.09953492871,0.22759259572351,0.045878634009559,4.96075353237609,7.02202435018696e-07,1.26228134124532e-06,"PURB"
"ENSG00000214717",4293.70962089174,0.225407296282323,0.0530393618361067,4.24981162063824,2.1395037161144e-05,3.50100608091447e-05,"ZBED1"
"ENSG00000152475",176.848158198914,0.224585632166268,0.07218486297444,3.11125661131741,0.00186292974081687,0.0026698037686866,"ZNF837"
"ENSG00000172273",1317.47560362836,0.223881970579031,0.0445558698869938,5.02474693338628,5.04096810795706e-07,9.13464019562688e-07,"HINFP"
"ENSG00000172379",9808.79961580049,0.223186605562899,0.0661739429485131,3.37272641795805,0.0007442786479145,0.00110052154949023,"ARNT2"
"ENSG00000082641",10504.7675514083,0.221856944270364,0.057201297444172,3.87852993171867,0.000105089598102232,0.000163634322304513,"NFE2L1"
"ENSG00000256223",557.555298275578,0.220981876766044,0.0524120956056546,4.21623814526894,2.48411429823234e-05,4.04042687061887e-05,"ZNF10"
"ENSG00000151702",1032.55015721125,0.217240104812466,0.0756711953481383,2.87084277991137,0.00409379078839335,0.00570931566563122,"FLI1"
"ENSG00000167766",2513.39829256465,0.216518588333016,0.0665423152126955,3.2538481361963,0.00113853126156727,0.00165805523529214,"ZNF83"
"ENSG00000116132",5360.78634243872,0.212756991892387,0.0794508716138684,2.67784339643732,0.00740978538280552,0.0100838813173261,"PRRX1"
"ENSG00000146757",1143.63597583825,0.210066954976855,0.0704907525634325,2.98006401318843,0.00288188153346409,0.00407813424546805,"ZNF92"
"ENSG00000197808",662.136906360167,0.208580523814044,0.0490340184896045,4.25379216794692,2.10180390676227e-05,3.44348941035081e-05,"ZNF461"
"ENSG00000141646",3503.67204267077,0.207147707914598,0.0371782714162514,5.57174123550158,2.52205831508199e-08,4.95600978946243e-08,"SMAD4"
"ENSG00000196275",401.065273384587,0.207115637657539,0.0618053456323497,3.35109585649064,0.000804924346453654,0.00118371227419655,"GTF2IRD2"
"ENSG00000116731",1941.48123387514,0.205159858372213,0.0528220777991128,3.88397933062108,0.000102760647265016,0.000160377888795112,"PRDM2"
"ENSG00000159885",240.717558089168,0.203797000672824,0.0450027609418461,4.52854439166913,5.93914048085582e-06,1.00726628758233e-05,"ZNF222"
"ENSG00000117010",287.444901280521,0.195659771381776,0.0495813481187119,3.94623742205054,7.93888949058107e-05,0.000125204448741641,"ZNF684"
"ENSG00000147118",375.650699349364,0.19555039782871,0.0346549246074213,5.64278814754176,1.6731818014108e-08,3.32175798809497e-08,"ZNF182"
"ENSG00000174796",552.04210262088,0.192288957197445,0.0425312090753611,4.52112604785649,6.15115458517364e-06,1.04060885839404e-05,"THAP6"
"ENSG00000198039",633.412963769005,0.18905169018387,0.0598192250739256,3.16038347120407,0.00157561616842289,0.00227495382606513,"ZNF273"
"ENSG00000197013",1145.02263150648,0.187892622143727,0.0446706746420104,4.20617381871874,2.59730499432039e-05,4.21944854672988e-05,"ZNF429"
"ENSG00000183621",502.770487767685,0.185554412649408,0.0513253067719883,3.61526163835182,0.000300044437109625,0.000454612783499432,"ZNF438"
"ENSG00000116809",1590.55241242228,0.180048896633649,0.0448883750083103,4.01103618922084,6.04528420935e-05,9.61264273571555e-05,"ZBTB17"
"ENSG00000197279",60.7719268356642,0.179526336215239,0.0630524126435706,2.84725561938581,0.004409793747751,0.00614367549996269,"ZNF165"
"ENSG00000167635",3400.80098243207,0.175187249145548,0.0506138803313813,3.46124912768108,0.000537674992458968,0.000801171346379257,"ZNF146"
"ENSG00000166261",656.182994454447,0.170474985873633,0.0400485558750943,4.25670744296797,2.07459542160313e-05,3.40304230761144e-05,"ZNF202"
"ENSG00000178386",74.0663909588173,0.166361321529782,0.0501364633615029,3.31817025724877,0.000906092357546465,0.00132670789879363,"ZNF223"
"ENSG00000197062",1008.2910397517,0.158745347726672,0.040795378183417,3.89125814725749,9.9725761902878e-05,0.00015618303778293,"ZSCAN26"
"ENSG00000185730",685.644228798099,0.155067967875789,0.046456751857409,3.33789948018198,0.000844142815107722,0.00123868782651677,"ZNF696"
"ENSG00000172733",357.461335601185,0.152185580756513,0.0627374168408754,2.42575465200472,0.0152765940167582,0.0201597281746075,"PURG"
"ENSG00000102984",267.160884789681,0.150794702569028,0.0573469906998729,2.62951378492058,0.00855070651477722,0.0115319218730762,"ZNF821"
"ENSG00000198169",947.075353939034,0.145424989816359,0.0488327491876701,2.97802176276158,0.00290115384404577,0.00410110752823224,"ZNF251"
"ENSG00000197050",763.5613578588,0.143642100231232,0.0488306768958627,2.94163647449667,0.00326482944647381,0.00460075130766142,"ZNF420"
"ENSG00000174652",1961.5364735043,0.142253852072145,0.0494844712333171,2.87471702792224,0.00404389743195344,0.00565140945459332,"ZNF266"
"ENSG00000140987",1059.01179645372,0.141348305965071,0.0321971224562147,4.39009126226396,1.13303098743127e-05,1.89071920028705e-05,"ZSCAN32"
"ENSG00000168152",347.735218348259,0.127050170878243,0.0596296803559452,2.13065322704812,0.0331177210602889,0.0421782296522548,"THAP9"
"ENSG00000196437",639.085785546308,0.116179560125097,0.0432025673547885,2.68918185280533,0.00716273870270139,0.00977724696526478,"ZNF569"
"ENSG00000204859",1094.28472199034,0.113271043910672,0.0477435579838643,2.3724885344522,0.0176687115025573,0.0230907652743972,"ZBTB48"
"ENSG00000083838",366.92087509459,0.101304230847963,0.0460339974542894,2.20063945019234,0.0277615584566539,0.0355917416110947,"ZNF446"
"ENSG00000106459",1079.72918746335,0.100928228935229,0.0320901185030257,3.14514977330835,0.00166001821258349,0.00239425703738003,"NRF1"
"ENSG00000115966",2943.30548216772,0.0687752996633552,0.0310758291922062,2.21314447437509,0.0268876867505201,0.0346028380488104,"ATF2"
"ENSG00000184939",2418.30261364621,-0.0833133325126059,0.0347239346230629,-2.39930564946032,0.016426197082068,0.0216134172132474,"ZFP90"
"ENSG00000113658",4074.45277870073,-0.085998977087379,0.0405671236384508,-2.11991803643348,0.0340129580648568,0.0432368110993943,"SMAD5"
"ENSG00000196387",994.763853789453,-0.101459891833247,0.0414880130316428,-2.44552304194139,0.014464220578568,0.0191626082247957,"ZNF140"
"ENSG00000162086",1124.64326693928,-0.103838559089927,0.0444745214090607,-2.33478755476327,0.0195545216621078,0.0254321813524524,"ZNF75A"
"ENSG00000159882",373.391592638673,-0.108464781167036,0.0423046438962749,-2.56389774685201,0.0103504032425955,0.0138621471999046,"ZNF230"
"ENSG00000196378",544.940851367961,-0.111967131060388,0.0407547190962317,-2.74734149917722,0.00600805407336624,0.00825114242018761,"ZNF34"
"ENSG00000121417",1225.37986653799,-0.113417022867108,0.0525002441710103,-2.16031419773347,0.0307483546071237,0.0392717868681334,"ZNF211"
"ENSG00000198556",804.736651957194,-0.117826185624814,0.0560845404895073,-2.10086745110905,0.0356526033572178,0.0452359159137631,"ZNF789"
"ENSG00000251247",360.362110390186,-0.121084192363377,0.0463202610065236,-2.61406541613235,0.00894719039926294,0.0120305847002042,"ZNF345"
"ENSG00000172888",2783.80586916402,-0.12372570210306,0.046610916112521,-2.65443617980775,0.00794410653033988,0.0107784359959385,"ZNF621"
"ENSG00000157429",199.000348216078,-0.125121426423875,0.0523445554578003,-2.39034270765269,0.0168326576225401,0.0220836616039156,"ZNF19"
"ENSG00000152443",1447.4446027552,-0.126167479904423,0.0479983775308423,-2.62857801439957,0.00857426857894891,0.0115521582650509,"ZNF776"
"ENSG00000117036",1409.5629927287,-0.126270262790736,0.051891609729093,-2.43334642054749,0.0149599803323219,0.0197612264663743,"ETV3"
"ENSG00000198939",250.003280056621,-0.129268941419084,0.0539099158687792,-2.39786947050214,0.0164907405732809,0.021677214969746,"ZFP2"
"ENSG00000171606",1504.98226123326,-0.129405372674232,0.0586144093820915,-2.20773994037325,0.027262406911868,0.0350516660295446,"ZNF274"
"ENSG00000196867",813.103498657868,-0.13196541146517,0.0537665101424656,-2.45441653392604,0.0141113419382814,0.0187134691715913,"ZFP28"
"ENSG00000197343",4022.83911713998,-0.135944041389311,0.0465817895066094,-2.91839456640072,0.00351838835943543,0.00493744728195201,"ZNF655"
"ENSG00000166478",952.360327145011,-0.141496082653288,0.0361420175245015,-3.91500232540602,9.04033365554043e-05,0.000142077420663325,"ZNF143"
"ENSG00000168610",13701.4918339616,-0.142905308213128,0.0489176818274284,-2.92134260812417,0.00348526325306567,0.00489605139608602,"STAT3"
"ENSG00000105750",406.167663268681,-0.145431543448353,0.0614840072334393,-2.36535564274765,0.0180127640819863,0.023494909672156,"ZNF85"
"ENSG00000147789",1075.92713541852,-0.153444335014583,0.0347965580206014,-4.40975612943488,1.03487093882209e-05,1.73119673780648e-05,"ZNF7"
"ENSG00000130844",1464.85034676166,-0.157029784450459,0.0555555708706068,-2.82653534091466,0.00470545514582092,0.00652193475036781,"ZNF331"
"ENSG00000196466",245.977354071626,-0.158205536340196,0.0462080539061602,-3.42376540378613,0.000617599114614881,0.000918236569086001,"ZNF799"
"ENSG00000183647",480.953018149933,-0.158628624262907,0.06607129697062,-2.40087044656387,0.0163561260646568,0.0215422148168651,"ZNF530"
"ENSG00000143390",2383.85330056027,-0.158954228240379,0.0426213211612952,-3.7294533324961,0.000191895641218567,0.000293717818191684,"RFX5"
"ENSG00000204604",841.335897636014,-0.166295145663045,0.0602288871689631,-2.76105293455828,0.00576153372412861,0.00793680666078942,"ZNF468"
"ENSG00000130803",2128.63144953151,-0.167066595836992,0.0348900934197044,-4.78836768441095,1.68143369049803e-06,2.9403309354564e-06,"ZNF317"
"ENSG00000146587",1351.19380567754,-0.169617715194649,0.0590152412536258,-2.87413406421054,0.00405136950577462,0.00565599672471121,"RBAK"
"ENSG00000118260",2649.44825208243,-0.173421015415757,0.0272740920107897,-6.35845238577151,2.03796534325621e-10,4.31907882793702e-10,"CREB1"
"ENSG00000172845",4946.8806989837,-0.173529578320039,0.033674075315759,-5.15320990087677,2.56065072083331e-07,4.7289719194596e-07,"SP3"
"ENSG00000198046",709.929793490383,-0.176645259410222,0.0525042230932419,-3.36440097583235,0.00076710006091437,0.00113302525408578,"ZNF667"
"ENSG00000242852",36.9963194098433,-0.177604811628886,0.0728132682686245,-2.43918197674718,0.0147205532556791,0.0194640028356188,"ZNF709"
"ENSG00000105497",809.295761956468,-0.180999374063246,0.0349674379294942,-5.17622636317251,2.2641872664583e-07,4.20447429122242e-07,"ZNF175"
"ENSG00000074657",7031.37464221919,-0.181706473326865,0.0433387349565456,-4.19270367510857,2.75649406688126e-05,4.47267667102127e-05,"ZNF532"
"ENSG00000181666",2478.27503416756,-0.18178088728282,0.0345832165036281,-5.25633256998376,1.46956440616941e-07,2.7631085631319e-07,"ZNF875"
"ENSG00000131848",358.928916798527,-0.182465408582305,0.0488372895871379,-3.73619031942265,0.000186829285453505,0.000286613108366173,"ZSCAN5A"
"ENSG00000167384",604.986702197469,-0.193421955285806,0.044359704835917,-4.36030753588776,1.29879775994038e-05,2.16466293323396e-05,"ZNF180"
"ENSG00000006194",1930.42707521865,-0.195031276271113,0.0392705734298995,-4.96634653474711,6.82259961890711e-07,1.22806793140328e-06,"ZNF263"
"ENSG00000198185",1040.44624553657,-0.196188301361326,0.06712024526853,-2.9229377898789,0.0034674578716756,0.00487611263204382,"ZNF334"
"ENSG00000189042",522.948287890709,-0.197077099228065,0.0382978447400823,-5.14590574392834,2.66233083711399e-07,4.91003637992334e-07,"ZNF567"
"ENSG00000172466",6207.73432853017,-0.198720020232076,0.0381918695704105,-5.20320221207594,1.95883525623217e-07,3.64748633919093e-07,"ZNF24"
"ENSG00000188321",1125.79253938921,-0.199658098752739,0.0504713301703167,-3.95587154289351,7.62561307856077e-05,0.000120686725158934,"ZNF559"
"ENSG00000019485",712.002146920121,-0.202851015870206,0.0637173039079481,-3.18360952879085,0.00145451073559704,0.00210911868212245,"PRDM11"
"ENSG00000198093",1035.3646536327,-0.203780267766031,0.0783871495937823,-2.59966421565347,0.00933150192720837,0.0125223932422776,"ZNF649"
"ENSG00000048405",1234.97249921998,-0.208522287193279,0.0423020639596966,-4.92936437786933,8.24975815384085e-07,1.47512231889869e-06,"ZNF800"
"ENSG00000187626",583.859407628828,-0.212259790904066,0.0276131573081339,-7.68690767721593,1.50733822840352e-14,3.68642501511731e-14,"ZKSCAN4"
"ENSG00000100426",1307.56551820651,-0.216399110448068,0.0556625456664408,-3.88769697571586,0.000101199855243656,0.000158124773818213,"ZBED4"
"ENSG00000167981",371.937256488779,-0.219630102915754,0.0528067918951753,-4.15912603347942,3.1946759831525e-05,5.15886671920559e-05,"ZNF597"
"ENSG00000114861",800.778856143741,-0.22073220021112,0.0816055704326965,-2.7048668251534,0.00683317779902708,0.00933683201284065,"FOXP1"
"ENSG00000109320",2122.26733370955,-0.221439251646218,0.0549270319782238,-4.03151679002078,5.5418036666367e-05,8.85376917154976e-05,"NFKB1"
"ENSG00000079263",167.501991216157,-0.227306046948276,0.0963781923730289,-2.35848008093465,0.0183499445533708,0.0239116072847979,"SP140"
"ENSG00000196263",934.644378022729,-0.227844828759328,0.0576816800670224,-3.95003801024149,7.81387832961708e-05,0.000123377026257112,"ZNF471"
"ENSG00000182318",378.241867954964,-0.228097011182206,0.0411854705741246,-5.53828833330148,3.05442105594269e-08,5.98471469596898e-08,"ZSCAN22"
"ENSG00000169554",7462.90779642657,-0.229733633324399,0.0582851299783751,-3.94154792842762,8.09574535751188e-05,0.00012738060877204,"ZEB2"
"ENSG00000162419",842.64686358416,-0.231020230480921,0.0419417011257808,-5.50812733580128,3.62671038879261e-08,7.09573771720294e-08,"GMEB1"
"ENSG00000198315",2380.44049603904,-0.23166367754389,0.0381204557119799,-6.07714869135436,1.22338314666622e-09,2.50998062005987e-09,"ZKSCAN8"
"ENSG00000166526",2891.09787969911,-0.232980740113485,0.0429437713753859,-5.42525103528804,5.78731445887344e-08,1.12092891240734e-07,"ZNF3"
"ENSG00000170802",1834.99027411136,-0.239801514371934,0.0557134571039762,-4.30419375922769,1.67594940552772e-05,2.76255396515558e-05,"FOXN2"
"ENSG00000196652",2049.95232062937,-0.241078225463774,0.0321617518612778,-7.49580515711982,6.58926123613606e-14,1.56887172288954e-13,"ZKSCAN5"
"ENSG00000154222",2019.8512795852,-0.242396618801198,0.0456332005606974,-5.31184786126897,1.08519184555995e-07,2.06339294578301e-07,"CC2D1B"
"ENSG00000029153",943.181562060073,-0.242421800412164,0.0869441127130735,-2.78824859840926,0.00529938606554488,0.00732259077634145,"BMAL2"
"ENSG00000018869",293.176306104662,-0.242694877861306,0.0559816740719195,-4.33525581156284,1.4559071214901e-05,2.41458797790128e-05,"ZNF582"
"ENSG00000143437",2396.21148091069,-0.242764303283306,0.0497638166740056,-4.87832966819273,1.06987998528312e-06,1.89297245102518e-06,"ARNT"
"ENSG00000173275",507.08385130359,-0.244100164387085,0.0483509549798359,-5.04850761456282,4.45274727220376e-07,8.11229260118093e-07,"ZNF449"
"ENSG00000183309",1871.20137707683,-0.245166570654694,0.0354794764148822,-6.91009550952272,4.84327510794105e-12,1.07539825587507e-11,"ZNF623"
"ENSG00000196214",927.605745407537,-0.246326488362436,0.0376113365729858,-6.54926176006623,5.78222039979534e-11,1.24101709693541e-10,"ZNF766"
"ENSG00000068305",3010.81262851943,-0.247985395127389,0.0508682012412482,-4.87505728679672,1.08776883699058e-06,1.92210462033675e-06,"MEF2A"
"ENSG00000105708",633.903863734692,-0.249743434005785,0.0458812188954198,-5.44326066347631,5.23140072145273e-08,1.0147113468335e-07,"ZNF14"
"ENSG00000188785",969.444467479616,-0.250644701997651,0.040725689055643,-6.15446190867876,7.53328267697828e-10,1.55980546225777e-09,"ZNF548"
"ENSG00000186446",595.942343950786,-0.253142014830511,0.0582418707753376,-4.346392233982,1.38394997532393e-05,2.30090205257057e-05,"ZNF501"
"ENSG00000083817",589.801948021524,-0.254072095608958,0.0485814604154658,-5.22981593052469,1.69678898680282e-07,3.17266638806621e-07,"ZNF416"
"ENSG00000147862",8501.36911795693,-0.256537268830969,0.0765132949504292,-3.35284565900831,0.000799852960284998,0.00117753707348391,"NFIB"
"ENSG00000148516",7523.18970841574,-0.25814370015218,0.0663703675385234,-3.88944207672716,0.000100474945643875,0.000157174016940013,"ZEB1"
"ENSG00000182983",649.760231750161,-0.258822490797279,0.0883630556665459,-2.9290803588096,0.00339966518590011,0.00478576433885834,"ZNF662"
"ENSG00000144218",1030.55061453093,-0.260039801236564,0.108534726155422,-2.39591336752614,0.016579008310331,0.0217720439873024,"AFF3"
"ENSG00000165259",347.726420274404,-0.260554276749061,0.0541599331976981,-4.81083083684703,1.50304189668579e-06,2.63520332535821e-06,"HDX"
"ENSG00000165730",466.372882734698,-0.264895089869468,0.125489835014303,-2.11088882090948,0.0347818691867641,0.0441726466624003,"STOX1"
"ENSG00000103199",933.873133071007,-0.267320699602522,0.0349746259039898,-7.64327545164755,2.11764284729234e-14,5.16032101777014e-14,"ZNF500"
"ENSG00000180257",307.259996997997,-0.26903868899916,0.06691198962291,-4.02078447398377,5.80046562566426e-05,9.24513411410478e-05,"ZNF816"
"ENSG00000180479",383.635175818127,-0.270824959107414,0.0538907492969162,-5.02544430427714,5.02268323844207e-07,9.11373974717311e-07,"ZNF571"
"ENSG00000189420",175.011900209758,-0.272929210817841,0.0833680687477957,-3.27378593407872,0.00106116967996747,0.00154873412752008,"ZFP92"
"ENSG00000119042",1859.99310679491,-0.275010089041994,0.0812523867956187,-3.38464013043397,0.000712716289076021,0.00105732636291498,"SATB2"
"ENSG00000141040",902.782990056694,-0.277308027445854,0.0380518263164369,-7.28764041809124,3.15430484557769e-13,7.32927976166933e-13,"ZNF287"
"ENSG00000148200",228.554363200815,-0.283355481539613,0.0791347123246078,-3.58067241563094,0.000342711108664814,0.000517516774829417,"NR6A1"
"ENSG00000197647",372.402864757896,-0.283454164509263,0.0543190412045942,-5.21832046780106,1.8055287125475e-07,3.36666265461205e-07,"ZNF433"
"ENSG00000081059",603.752518432531,-0.284312019228588,0.0691110793345992,-4.113841398021,3.89128841088834e-05,6.25385637464197e-05,"TCF7"
"ENSG00000143067",368.411847042665,-0.288471760754487,0.0872464363299715,-3.30640164675,0.00094502520156412,0.00138221454183268,"ZNF697"
"ENSG00000171940",1587.71761640587,-0.293103832795374,0.079124092460677,-3.70435633041908,0.000211928179352025,0.000322915397432543,"ZNF217"
"ENSG00000066422",1355.72916339532,-0.294537723984374,0.0356626390427658,-8.25899966716347,1.46898338956581e-16,3.84327049595705e-16,"ZBTB11"
"ENSG00000166529",437.842396804458,-0.297013834204227,0.0402318122223618,-7.38256165450931,1.55272588433349e-13,3.63289418344923e-13,"ZSCAN21"
"ENSG00000154957",656.880598979391,-0.29922943414989,0.0367051497202721,-8.15224665831091,3.57224745492255e-16,9.25630338607571e-16,"ZNF18"
"ENSG00000171817",209.775282060967,-0.301339383875388,0.0694975860046574,-4.33596907747549,1.45119345583533e-05,2.40973083072286e-05,"ZNF540"
"ENSG00000225614",630.582594576028,-0.301838634486995,0.109482102091806,-2.75696783967382,0.00583400891594316,0.00802845263661903,"ZNF469"
"ENSG00000135164",4189.53257347224,-0.306233728221374,0.0494101437036056,-6.19779068157269,5.72612214115682e-10,1.192942112741e-09,"DMTF1"
"ENSG00000171649",1164.19895386442,-0.307131039338949,0.0504883634307307,-6.08320449444412,1.17803937876161e-09,2.42062886046907e-09,"ZIK1"
"ENSG00000114126",3215.08529668653,-0.308483496908045,0.0589890299359897,-5.22950618518032,1.69963415511004e-07,3.1735907460561e-07,"TFDP2"
"ENSG00000170448",494.77548723718,-0.314709484607996,0.0300092346127577,-10.4870880137078,9.90336012808337e-26,3.49987857929648e-25,"NFXL1"
"ENSG00000125945",4023.45022462054,-0.320044495202449,0.0811890998741524,-3.94196383133371,8.08171657568535e-05,0.000127308254109396,"ZNF436"
"ENSG00000160961",1687.35843904726,-0.320398879513867,0.0394096033904865,-8.12996965077836,4.29397927659932e-16,1.11051188187914e-15,"ZNF333"
"ENSG00000125846",1191.95286479076,-0.323136036374522,0.045109178666079,-7.16342096952238,7.86882346980517e-13,1.79138476968583e-12,"ZNF133"
"ENSG00000172818",6.17090512129121,-0.330224325746719,0.148963555306574,-2.21681286450973,0.0266358820538239,0.0343442605278531,"OVOL1"
"ENSG00000102145",5.95971862959067,-0.33075893727579,0.155748467192792,-2.12367378785412,0.0336974306992703,0.0428760899566588,"GATA1"
"ENSG00000243660",279.453842963709,-0.334115091952493,0.0704915615117847,-4.7397884908059,2.13941426868973e-06,3.72191915300405e-06,"ZNF487"
"ENSG00000251369",516.86483955259,-0.336228606770341,0.0407335806312068,-8.25433466835346,1.52750770190251e-16,3.98865647498721e-16,"ZNF550"
"ENSG00000173875",1912.40261565579,-0.337535276448069,0.0325208139013281,-10.379053779902,3.08820750233792e-25,1.07450518766912e-24,"ZNF791"
"ENSG00000120784",1340.01563183162,-0.338977984264998,0.0487291985871391,-6.95636279876072,3.49169978375222e-12,7.81723832183334e-12,"ZFP30"
"ENSG00000090612",1582.29889798329,-0.33957155043235,0.0463884858886886,-7.32016887223197,2.47659095776862e-13,5.78442524738347e-13,"ZNF268"
"ENSG00000198440",688.482147918258,-0.339574277325072,0.0446266205857815,-7.60923128096471,2.75730953093477e-14,6.68288665486883e-14,"ZNF583"
"ENSG00000198538",1081.95826385836,-0.340221330690762,0.0630537420610867,-5.39573575762013,6.82433189687939e-08,1.31424366059731e-07,"ZNF28"
"ENSG00000152439",425.561993556443,-0.343637204087393,0.0387958780405195,-8.85756996473926,8.17774879197249e-19,2.31931951032833e-18,"ZNF773"
"ENSG00000112365",591.205488337654,-0.344011688029033,0.0390698287036286,-8.80504725624976,1.30797461007592e-18,3.67103061040018e-18,"ZBTB24"
"ENSG00000197372",641.84264332599,-0.34478154154028,0.0504319539200104,-6.83656917372535,8.11122014007173e-12,1.79216811605513e-11,"ZNF675"
"ENSG00000184635",533.185559341149,-0.346493436933584,0.0686579714548768,-5.04665998122746,4.49600440861991e-07,8.18006192942975e-07,"ZNF93"
"ENSG00000170100",859.769594792085,-0.348869520266568,0.0542795341468035,-6.42727550540545,1.29911245816606e-10,2.766248925117e-10,"ZNF778"
"ENSG00000256683",616.233198723778,-0.351884625198818,0.0352675559473647,-9.97757331764045,1.91082827317019e-23,6.33812817882005e-23,"ZNF350"
"ENSG00000197020",932.879217338176,-0.3525422570409,0.0493923251706849,-7.13759183886607,9.49801624797831e-13,2.15864005635871e-12,"ZNF100"
"ENSG00000256771",839.105225858836,-0.353393199310352,0.0536279860268718,-6.58971603246996,4.40668597369879e-11,9.50323652474979e-11,"ZNF253"
"ENSG00000088876",518.991326269482,-0.353853318460636,0.0492175155219358,-7.18958108120932,6.49904164285273e-13,1.49212690779782e-12,"ZNF343"
"ENSG00000175105",788.277677127655,-0.356857429613422,0.0547492208061248,-6.51803668361068,7.12335741059464e-11,1.52643373084171e-10,"ZNF654"
"ENSG00000196345",413.10754296068,-0.356994506266669,0.0524679580280206,-6.80404802634048,1.01719603686612e-11,2.24015440419129e-11,"ZKSCAN7"
"ENSG00000197385",26.5217262812695,-0.357601672418252,0.132152433437951,-2.70597871802457,0.0068103410299079,0.00931505611993481,"ZNF860"
"ENSG00000174963",359.982487457138,-0.361313563860009,0.108044151652162,-3.34412884302359,0.000825413937338091,0.00121252319413104,"ZIC4"
"ENSG00000167528",1804.01275943006,-0.362332055662306,0.0439711383348494,-8.24022459694064,1.71887683098145e-16,4.47969830468139e-16,"ZNF641"
"ENSG00000176371",229.985472199553,-0.363197381808884,0.0491458560349075,-7.39019341836087,1.4661538125997e-13,3.44227416871234e-13,"ZSCAN2"
"ENSG00000117707",1301.70545051764,-0.364214278551774,0.0810511228416933,-4.49363643318238,7.0017127343659e-06,1.18301779616946e-05,"PROX1"
"ENSG00000100625",232.250032555056,-0.365094991348219,0.121374470795268,-3.00800480493178,0.00262968980192185,0.00373692761325737,"SIX4"
"ENSG00000188227",663.484529185752,-0.365676573654775,0.0539446998175443,-6.77873034592078,1.21236563519877e-11,2.65697014207523e-11,"ZNF793"
"ENSG00000175322",488.437225990666,-0.367223047113301,0.0749009466434832,-4.90278245562403,9.44886075997904e-07,1.67621051589641e-06,"ZNF519"
"ENSG00000181007",743.799187154559,-0.368058589947863,0.0778638684537507,-4.72694970410418,2.27917690150666e-06,3.94472925260768e-06,"ZFP82"
"ENSG00000101544",2103.37690389169,-0.368161287491676,0.0362564726865806,-10.1543603172391,3.16881365856068e-24,1.07215499725737e-23,"ADNP2"
"ENSG00000189164",658.278848118927,-0.369922557697531,0.0388704698656838,-9.51680180290567,1.78590733370449e-21,5.46706326644232e-21,"ZNF527"
"ENSG00000176293",485.376938094597,-0.371103801785325,0.118445391480153,-3.13312149293296,0.00172957834649486,0.00248926521084016,"ZNF135"
"ENSG00000181896",670.755042086439,-0.372653235928366,0.0441355692654552,-8.44337667170502,3.08299617580081e-17,8.20916141485423e-17,"ZNF101"
"ENSG00000170581",7022.57862394604,-0.37548164153583,0.0656034117572762,-5.72350784018766,1.04346749815264e-08,2.08693499630529e-08,"STAT2"
"ENSG00000118217",3969.47389738728,-0.377635910115043,0.0369430970241531,-10.2220966982857,1.57888257791799e-24,5.39618096250452e-24,"ATF6"
"ENSG00000197016",1345.3024586845,-0.378207136257499,0.058475516679299,-6.46778613914135,9.94491066899833e-11,2.12095251234562e-10,"ZNF470"
"ENSG00000256229",574.466178111608,-0.381845391652723,0.0611670013820453,-6.24266978967532,4.3016441712469e-10,9.03144577166924e-10,"ZNF486"
"ENSG00000181894",1055.6841254933,-0.38440106999796,0.0789716239629263,-4.86758471851129,1.12970408382063e-06,1.99099283702069e-06,"ZNF329"
"ENSG00000180855",324.436897679858,-0.384528451753539,0.0498618981221806,-7.71186950828261,1.23987874615732e-14,3.0378154397684e-14,"ZNF443"
"ENSG00000168348",27.6025231899494,-0.385296574331418,0.185669982820228,-2.07516890171997,0.0379708837228555,0.0480418866221696,"INSM2"
"ENSG00000187079",5441.01190806044,-0.387473152036821,0.0510939313125384,-7.58354548344837,3.3623759420941e-14,8.1202281249142e-14,"TEAD1"
"ENSG00000136870",1736.54077250967,-0.389659463090595,0.0494329558630257,-7.88258473092944,3.20677418738753e-15,7.9873526807623e-15,"ZNF189"
"ENSG00000105392",2.1224806850664,-0.390420971627683,0.175520251676114,-2.22436424229908,0.0261239476292788,0.0337486404780157,"CRX"
"ENSG00000137265",31.9142062063599,-0.392314977432058,0.132710266164249,-2.95617655492084,0.00311478734884568,0.00439390064884187,"IRF4"
"ENSG00000267508",436.081890266004,-0.396102530925944,0.0598077240687299,-6.62293269128166,3.5214139510814e-11,7.64294024752393e-11,"ZNF285"
"ENSG00000185669",109.897650393451,-0.396295076657674,0.0858255874508563,-4.61744671290007,3.88490394953688e-06,6.66406649539364e-06,"SNAI3"
"ENSG00000113580",4288.8042369316,-0.39700399166926,0.0408444017026769,-9.71991203492744,2.47995642799534e-22,7.95235434155274e-22,"NR3C1"
"ENSG00000140265",1333.46351459053,-0.397787251169464,0.0390354846004648,-10.1904012526266,2.1885900511097e-24,7.44230873803046e-24,"ZSCAN29"
"ENSG00000175387",4962.45437854896,-0.402255267020619,0.0389716984001561,-10.3217279085534,5.62024724663861e-25,1.9355443323883e-24,"SMAD2"
"ENSG00000169083",1539.97440691452,-0.403908794971465,0.108507176766633,-3.72241548446287,0.000197325968209535,0.000301346218419539,"AR"
"ENSG00000164631",2557.077868882,-0.403970328720846,0.0455928686719285,-8.86038410146301,7.97392222121521e-19,2.26627263129274e-18,"ZNF12"
"ENSG00000144026",908.690262679306,-0.404008124532944,0.0473798689757325,-8.5269996153825,1.50192368394674e-17,4.03100789926064e-17,"ZNF514"
"ENSG00000177888",1576.22412466716,-0.404812006377168,0.0582238020054911,-6.95268932006518,3.58387387879484e-12,8.01031413306793e-12,"ZBTB41"
"ENSG00000118263",2172.64346839083,-0.406081955506827,0.0514701831399107,-7.88965437334814,3.03024582191426e-15,7.57561455478565e-15,"KLF7"
"ENSG00000234284",343.457204854418,-0.40725982841971,0.0449494516509533,-9.06039592167243,1.29977902093078e-19,3.76545424518573e-19,"ZNF879"
"ENSG00000198346",353.316449913382,-0.408274991824794,0.0505208142696073,-8.08132247524773,6.40681426854657e-16,1.64121428131648e-15,"ZNF813"
"ENSG00000131845",1118.16128172562,-0.409346769105785,0.0393928345005454,-10.3914017433835,2.71335672068411e-25,9.48971910083822e-25,"ZNF304"
"ENSG00000170325",609.57503549626,-0.418200779337844,0.0319398353678156,-13.093391826285,3.59201926740894e-39,1.78938229188268e-38,"PRDM10"
"ENSG00000163848",3074.86159863497,-0.422157852883063,0.0388436380011195,-10.868133743572,1.63511236363955e-27,6.11468612441385e-27,"ZNF148"
"ENSG00000269404",15.019342071438,-0.422925734667185,0.138233811963147,-3.05949556523794,0.00221710070109243,0.00315726365661897,"SPIB"
"ENSG00000171970",15.6966345906449,-0.424791314168079,0.07424694731624,-5.72133036471877,1.0569315274774e-08,2.10761826011004e-08,"ZNF57"
"ENSG00000118689",3679.91868099665,-0.425863218582393,0.0556260724239917,-7.65582037387771,1.92082052387758e-14,4.68916402754924e-14,"FOXO3"
"ENSG00000158711",2116.92261243359,-0.426605686446875,0.0567943896098408,-7.51140542890801,5.84959221138966e-14,1.39769017440284e-13,"ELK4"
"ENSG00000186376",791.656180322615,-0.428046533360586,0.0404791921781134,-10.5744830943545,3.91329425211761e-26,1.39024927377862e-25,"ZNF75D"
"ENSG00000171291",945.317297787294,-0.428881880885048,0.0459078131006953,-9.34224159064881,9.43158085357946e-21,2.82320047723554e-20,"ZNF439"
"ENSG00000178338",447.779319794495,-0.42944460478278,0.0382167990917613,-11.2370636732724,2.68153751274052e-29,1.04929728759411e-28,"ZNF354B"
"ENSG00000221923",1113.90027135924,-0.429585718042488,0.0605667757091624,-7.09276188161856,1.31461546981479e-12,2.96777739841132e-12,"ZNF880"
"ENSG00000178665",840.109835498479,-0.432435099396453,0.138483407676655,-3.12264917979305,0.00179231247759975,0.00257680707642137,"ZNF713"
"ENSG00000196646",1009.297178155,-0.436826653668701,0.0354502481473957,-12.3222453014279,6.87529925539918e-35,3.08360597833518e-34,"ZNF136"
"ENSG00000112182",555.620347258474,-0.440245442271158,0.0896380792644508,-4.91136630641475,9.04439451444741e-07,1.61080904940686e-06,"BACH2"
"ENSG00000213988",168.372496172802,-0.441120800305229,0.082082442880253,-5.37411881062998,7.69581031959862e-08,1.47366580588059e-07,"ZNF90"
"ENSG00000175787",243.230579992502,-0.443986274828297,0.0562490063433282,-7.89322876422616,2.94467131499451e-15,7.37533631770424e-15,"ZNF169"
"ENSG00000196757",679.020456037194,-0.44670139051338,0.0407574485451636,-10.9599939755401,5.95033296962512e-28,2.25012591288345e-27,"ZNF700"
"ENSG00000105856",2721.75137100767,-0.449587062685066,0.0480470892263695,-9.35721746986331,8.18641660005086e-21,2.45592498001526e-20,"HBP1"
"ENSG00000196946",3.07321675340142,-0.449646069303461,0.170149990394874,-2.64264528173024,0.00822611656406548,0.0111275123862609,"ZNF705A"
"ENSG00000105866",1291.86073172455,-0.453339330835403,0.0468328691582272,-9.67993930296632,3.66933769641925e-22,1.16555432709788e-21,"SP4"
"ENSG00000198453",999.151448223553,-0.456688663115863,0.0363981983826531,-12.5470128580187,4.12790191509035e-36,1.89546516509251e-35,"ZNF568"
"ENSG00000085276",737.880202667619,-0.46048989782148,0.0852808155886696,-5.3996891873377,6.67564522311247e-08,1.28744586445741e-07,"MECOM"
"ENSG00000197037",1482.53061966271,-0.462207004794582,0.0356759356418562,-12.955707999773,2.18114370709522e-38,1.06686376977483e-37,"ZSCAN25"
"ENSG00000278129",970.265097491561,-0.462496406602651,0.0473661323275038,-9.76428481440728,1.60238562948254e-22,5.16281766062395e-22,"ZNF8"
"ENSG00000174306",6922.21323962906,-0.464812124258081,0.0643591776947585,-7.22215759906976,5.11691208941663e-13,1.18082586678845e-12,"ZHX3"
"ENSG00000182463",678.966690240372,-0.464951486648644,0.149108645143383,-3.11820609865743,0.00181955515790373,0.002613190918266,"TSHZ2"
"ENSG00000167395",1474.10818465602,-0.4697992286506,0.0487540797246556,-9.63610084128029,5.62854246440182e-22,1.77121965662994e-21,"ZNF646"
"ENSG00000197472",26.1833290198408,-0.47141395344086,0.20713972221252,-2.27582594205279,0.0228564294055774,0.0296409026873482,"ZNF695"
"ENSG00000196628",13689.0294409172,-0.471659196297929,0.0515264031812036,-9.15373802901084,5.49968321935094e-20,1.61755388804439e-19,"TCF4"
"ENSG00000083812",842.904016761253,-0.472369631550617,0.0429077719593364,-11.0089526903956,3.46002350787679e-28,1.31208756618923e-27,"ZNF324"
"ENSG00000180357",2849.07821845358,-0.473160922617066,0.049269955742975,-9.60343713490203,7.73220136513192e-22,2.39414491810277e-21,"ZNF609"
"ENSG00000235109",494.491018269165,-0.474729890598655,0.067251609650826,-7.05901156958886,1.67691112158142e-12,3.77305002355819e-12,"ZSCAN31"
"ENSG00000273514",3.26857985039998,-0.475451613375188,0.190256365259108,-2.49900502791418,0.012454254402389,0.0165484679559303,"FOXD4L6"
"ENSG00000135638",61.961271440074,-0.476232093369815,0.151929770311319,-3.13455415876671,0.00172115479232577,0.00247978545319081,"EMX1"
"ENSG00000083814",1043.28396203779,-0.47788035675008,0.0474676476034713,-10.0674960921201,7.69111674707153e-24,2.5700513882541e-23,"ZNF671"
"ENSG00000169155",1103.79325786023,-0.482624992656749,0.0471303527294909,-10.2402160116819,1.30943686557466e-24,4.4980655687679e-24,"ZBTB43"
"ENSG00000121406",810.027911918448,-0.484038204974538,0.0439450607688304,-11.0146213591735,3.24899782849783e-28,1.23553438548509e-27,"ZNF549"
"ENSG00000198298",109.33650378931,-0.488058873997172,0.0579728488087708,-8.41874919079935,3.80525061818576e-17,1.01123786113204e-16,"ZNF485"
"ENSG00000140548",1245.79626316648,-0.492034590324211,0.0520232482914707,-9.45797516463194,3.13963830445653e-21,9.5247454180142e-21,"ZNF710"
"ENSG00000171295",928.850964583974,-0.492677774138917,0.0428379808777774,-11.5009569555716,1.30460902404391e-30,5.19534567097134e-30,"ZNF440"
"ENSG00000185591",4177.20219360898,-0.495693909488419,0.0391754950856674,-12.6531626059723,1.07460321542854e-36,5.01977280563504e-36,"SP1"
"ENSG00000081665",1364.87309011504,-0.501329423428783,0.041855491972603,-11.9776258694303,4.65463108455083e-33,2.00758848694684e-32,"ZNF506"
"ENSG00000089775",982.156245595873,-0.501354891737728,0.0468280218213871,-10.7063008907361,9.50856327807456e-27,3.44143711136747e-26,"ZBTB25"
"ENSG00000144792",601.387512464284,-0.502266688996938,0.0506366397412896,-9.91903672050706,3.44060560490492e-23,1.1301259286184e-22,"ZNF660"
"ENSG00000141956",594.077851307371,-0.502374921624512,0.0392075130717264,-12.8132309923729,1.38255565036198e-37,6.5952301342356e-37,"PRDM15"
"ENSG00000197044",780.290207367031,-0.502992421871567,0.0527043138863587,-9.54366701283924,1.37869143027375e-21,4.24939139467935e-21,"ZNF441"
"ENSG00000064489",2.48823472505475,-0.503216782168949,0.168289416770972,-2.99018673796811,0.00278806943558034,0.00394952123613165,"BORCS8-MEF2B"
"ENSG00000251192",324.356861375923,-0.503459855638395,0.0333590137494167,-15.0921684741713,1.82349437821851e-51,1.14498484213721e-50,"ZNF674"
"ENSG00000197497",289.7351588662,-0.503639941033948,0.0820510241154649,-6.13813107713572,8.34979561159556e-10,1.72622114481685e-09,"ZNF665"
"ENSG00000064835",2.36718646595128,-0.506586297509175,0.180069607421454,-2.81328040174769,0.00490388682708284,0.00678999714519162,"POU1F1"
"ENSG00000185869",464.485991165629,-0.510076915476123,0.0431448585868898,-11.8224264068191,2.9892404612291e-32,1.24937294819173e-31,"ZNF829"
"ENSG00000204531",33.6257381300269,-0.511476360179432,0.109259012738627,-4.6813196216865,2.85034130999883e-06,4.9143815689635e-06,"POU5F1"
"ENSG00000167555",2139.57462204812,-0.519406602481511,0.0488076004411218,-10.641920475236,1.90168691637183e-26,6.84607289893858e-26,"ZNF528"
"ENSG00000134852",2081.87725461195,-0.524974950270925,0.0761340839332413,-6.89539984130173,5.37135074135026e-12,1.18874155751194e-11,"CLOCK"
"ENSG00000125850",2.722140059035,-0.527065179408376,0.220975077049332,-2.38517929916011,0.0170707990585841,0.0223526466819481,"OVOL2"
"ENSG00000143365",23.4238335572276,-0.527806237498099,0.149552739002593,-3.5292315006611,0.00041676837851366,0.000625152567770489,"RORC"
"ENSG00000164463",1580.34198604621,-0.529391337799493,0.0494116516286118,-10.713896831025,8.75952908787157e-27,3.17886136253404e-26,"CREBRF"
"ENSG00000167562",436.744988237755,-0.530128201130191,0.0499502757161889,-10.6131186170485,2.58958538883115e-26,9.2730511271142e-26,"ZNF701"
"ENSG00000056277",339.852538512953,-0.530128512299394,0.0510742415422985,-10.3795670046388,3.07165141932864e-25,1.07150630906813e-24,"ZNF280C"
"ENSG00000142065",968.078025691858,-0.535556887507485,0.0460830481390947,-11.6215595351025,3.20236556152016e-31,1.30216671929283e-30,"ZFP14"
"ENSG00000189180",1116.15642856646,-0.541603080679358,0.0547950720940197,-9.88415673128511,4.87670266934587e-23,1.59407956504042e-22,"ZNF33A"
"ENSG00000186812",1734.13808501651,-0.543435525792202,0.0425610790907122,-12.7683681288709,2.46263376854973e-37,1.16651073247092e-36,"ZNF397"
"ENSG00000124459",1241.65122126714,-0.544257267247032,0.0376897001270165,-14.4404775154181,2.87840990077406e-47,1.66062109660042e-46,"ZNF45"
"ENSG00000122482",2946.35856098255,-0.544337519976502,0.044947427517624,-12.1105378002571,9.28831515730125e-34,4.07117709816775e-33,"ZNF644"
"ENSG00000196705",1429.68309317582,-0.546226806766452,0.0503594777092517,-10.8465542458575,2.07085741374659e-27,7.70153583624764e-27,"ZNF431"
"ENSG00000171827",919.142842221782,-0.548225085108327,0.0351635294241508,-15.590729772757,8.41665346083905e-55,5.65297620504115e-54,"ZNF570"
"ENSG00000187559",4.04336221104468,-0.549890430038259,0.167587171555484,-3.28122030424151,0.00103358979015961,0.00151011495315528,"FOXD4L3"
"ENSG00000196417",875.674090088664,-0.554004296805849,0.0474002891679782,-11.6877830606171,1.47178350785292e-31,6.03923323891015e-31,"ZNF765"
"ENSG00000053254",2772.75985125069,-0.554005342665036,0.0501772021970391,-11.0409771451491,2.4238280017079e-28,9.24341187091997e-28,"FOXN3"
"ENSG00000136603",2877.85969810462,-0.556259823986437,0.0500498229840757,-11.1141217055537,1.07099286243533e-28,4.11920331705897e-28,"SKIL"
"ENSG00000101493",1958.44194863147,-0.559890953185338,0.062739614619698,-8.92404195625315,4.49573429176525e-19,1.28858626197093e-18,"ZNF516"
"ENSG00000197566",355.867746744387,-0.565901675333745,0.0490379503383632,-11.5400760315023,8.28519567280013e-31,3.32887326139291e-30,"ZNF624"
"ENSG00000075407",907.900615967509,-0.568117301744945,0.0714029968013134,-7.95649100451334,1.76986995448365e-15,4.47439033436879e-15,"ZNF37A"
"ENSG00000213096",1356.06863860483,-0.569553357174093,0.0548990801019352,-10.3745519253977,3.23727463464352e-25,1.12347577294827e-24,"ZNF254"
"ENSG00000161405",103.490980579566,-0.570175230925601,0.137082717090191,-4.15935168946546,3.19152171479905e-05,5.15886671920559e-05,"IKZF3"
"ENSG00000198105",791.8393556653,-0.571486975854999,0.0604535471131552,-9.45332413307868,3.28237607564528e-21,9.91321633584144e-21,"ZNF248"
"ENSG00000130584",580.061804133179,-0.572965803790279,0.0650636476878595,-8.80623549634139,1.29418992639054e-18,3.64750814327188e-18,"ZBTB46"
"ENSG00000204611",805.472211174796,-0.577736247990746,0.0411063533342011,-14.0546704129568,7.2116874669675e-45,3.990072983773e-44,"ZNF616"
"ENSG00000109381",2144.23684164027,-0.578817783650229,0.0326561655945658,-17.7246095220238,2.70786805041036e-70,2.34334735131666e-69,"ELF2"
"ENSG00000272602",609.207710596334,-0.581557636752758,0.0490992928076854,-11.8445216518827,2.29725378053442e-32,9.66134767514474e-32,"ZNF595"
"ENSG00000169981",760.770807667853,-0.581879268460691,0.0470929565241413,-12.3559723450873,4.52254524160855e-35,2.04195186494032e-34,"ZNF35"
"ENSG00000067646",572.735897799336,-0.586084960519962,0.240012652294148,-2.44189193743705,0.0146105192728763,0.0193374519788069,"ZFY"
"ENSG00000197951",909.943322005299,-0.587577482980975,0.0470690106510083,-12.4833191701765,9.20671097014188e-36,4.19900669246336e-35,"ZNF71"
"ENSG00000080298",2186.81174227241,-0.589733428323818,0.0675543677921637,-8.72976015611869,2.55213255511858e-18,7.10387412249501e-18,"RFX3"
"ENSG00000155592",799.083111353184,-0.591590219514025,0.0455919553504196,-12.9757588804223,1.6792485865416e-38,8.24358397029513e-38,"ZKSCAN2"
"ENSG00000185129",2447.48799092234,-0.600422277481495,0.0593475249415623,-10.117056744535,4.64163854747172e-24,1.55875921370319e-23,"PURA"
"ENSG00000176024",509.435469694436,-0.600460135733879,0.044056243514917,-13.6293993274885,2.67775212930832e-42,1.42884006899851e-41,"ZNF613"
"ENSG00000197024",1643.30663232196,-0.602200133700075,0.032928118580992,-18.2883249833684,1.02517103258248e-74,9.41483601351254e-74,"ZNF398"
"ENSG00000177599",308.677711955386,-0.604889851480643,0.0604145696730389,-10.0123174716675,1.34562830806887e-23,4.47437984210093e-23,"ZNF491"
"ENSG00000114439",4707.71605258859,-0.613186847221989,0.0404689054587268,-15.1520492158446,7.34405195193027e-52,4.63292996967564e-51,"BBX"
"ENSG00000134438",2.14541128747352,-0.619743623812045,0.263141765518211,-2.35517012129021,0.0185142274176317,0.0241024175639371,"RAX"
"ENSG00000204920",247.456801634175,-0.626510161685617,0.0422455977742547,-14.830188107018,9.34706662268661e-50,5.63327675920845e-49,"ZNF155"
"ENSG00000188013",74.5538312308083,-0.628612188031056,0.107482101258103,-5.84852901713869,4.95939135801424e-09,1.0037748625666e-08,"MEIS3P2"
"ENSG00000151623",780.409036514976,-0.631329879607902,0.0984307665536925,-6.41394862310171,1.4179801222103e-10,3.01460340942348e-10,"NR3C2"
"ENSG00000250312",453.278686625002,-0.631956500989851,0.0711838951781746,-8.87780163487897,6.81947133417909e-19,1.94225449391177e-18,"ZNF718"
"ENSG00000196482",340.26072365492,-0.633229954815732,0.0911104131735555,-6.95013811000392,3.64928773197895e-12,8.14303874077948e-12,"ESRRG"
"ENSG00000152454",399.019606299437,-0.638264233144907,0.0523986836801367,-12.1809211284989,3.92820045362986e-34,1.73302961189553e-33,"ZNF256"
"ENSG00000170949",2047.347052612,-0.638573838272998,0.0429129272079227,-14.8806870055488,4.39958449878577e-50,2.68752899247095e-49,"ZNF160"
"ENSG00000160908",1332.37380744436,-0.638589794138818,0.0389051679832506,-16.4140094296404,1.51838670230143e-60,1.09033087665262e-59,"ZNF394"
"ENSG00000066827",626.857772710744,-0.641815545269856,0.043531864522386,-14.743580416589,3.38359939919238e-49,2.01227277044481e-48,"ZFAT"
"ENSG00000189298",466.16168527342,-0.647271703256048,0.0312286096951251,-20.7268818424885,1.98224728546326e-95,2.45507691318845e-94,"ZKSCAN3"
"ENSG00000212993",16.1043000342442,-0.649064533940412,0.118632897204218,-5.47120191141495,4.46993680649474e-08,8.70766910356118e-08,"POU5F1B"
"ENSG00000164916",4734.59417054336,-0.656545284407435,0.0547174857042833,-11.9988204128327,3.60396122755032e-33,1.56442046855078e-32,"FOXK1"
"ENSG00000197134",92.163693141524,-0.658614016728792,0.172520574035437,-3.81759694697925,0.000134757840316042,0.000208388412859859,"ZNF257"
"ENSG00000196150",994.042611550112,-0.665605662489657,0.0423476264606532,-15.7176616051456,1.14471178839642e-55,7.76563273535263e-55,"ZNF250"
"ENSG00000184677",2238.7963033043,-0.671975997288135,0.0391218937029992,-17.1764690735464,3.98436629395802e-66,3.10918757042967e-65,"ZBTB40"
"ENSG00000127152",177.943433933727,-0.67500957419057,0.142480589426288,-4.73755461644679,2.16312569556327e-06,3.7583264980829e-06,"BCL11B"
"ENSG00000136367",405.795990540037,-0.675541723025333,0.086897212251364,-7.77403216424505,7.60264214478745e-15,1.87633764085248e-14,"ZFHX2"
"ENSG00000177311",4317.81300035502,-0.676016619664469,0.0594127127924026,-11.3783159847721,5.36252209999238e-30,2.11678503947068e-29,"ZBTB38"
"ENSG00000177873",486.953461080732,-0.679745220721349,0.0370756505268043,-18.3340065801386,4.43036150004926e-75,4.09656714045651e-74,"ZNF619"
"ENSG00000082175",23.045486752388,-0.680299390247057,0.169235006621872,-4.01985028881805,5.82351360566209e-05,9.27092378259884e-05,"PGR"
"ENSG00000138380",806.255158934772,-0.681460978556862,0.0473638865779375,-14.3877757463065,6.17500617189795e-47,3.53231285256875e-46,"CARF"
"ENSG00000161551",846.366567182038,-0.682131421339729,0.0656055695786464,-10.3974620709909,2.5462460484987e-25,8.92839523499545e-25,"ZNF577"
"ENSG00000130818",1912.22552429219,-0.684197918041348,0.0331759290358754,-20.623323533803,1.69504697218295e-94,2.02505611720971e-93,"ZNF426"
"ENSG00000197933",342.454441712209,-0.694042790712832,0.0523803143416801,-13.2500692184767,4.50787308991145e-40,2.28783032758664e-39,"ZNF823"
"ENSG00000196357",328.560157090973,-0.695529295569283,0.0405257813888704,-17.1626375046354,5.05642821809777e-66,3.92309085886896e-65,"ZNF565"
"ENSG00000158691",798.758192589297,-0.697429409286451,0.0451122254424385,-15.4598759526139,6.47230520686072e-54,4.2622497703717e-53,"ZSCAN12"
"ENSG00000081386",1364.08159456334,-0.699256227289319,0.0443988575616726,-15.749419370037,6.93148043526949e-56,4.7499992830527e-55,"ZNF510"
"ENSG00000172789",6.87100561577961,-0.701651755215676,0.197288882510049,-3.55646879990786,0.000375873096446327,0.000566959419220717,"HOXC5"
"ENSG00000141946",0.420278358997536,-0.703543341677403,0.296668910332584,-2.37147647486448,0.0177171745244941,0.0231317075513221,"ZIM3"
"ENSG00000188295",418.915328720111,-0.705949713095662,0.0561904947041411,-12.5635077037974,3.35138793337094e-36,1.54415484984668e-35,"ZNF669"
"ENSG00000196110",619.002072664039,-0.70700700757646,0.0459348616535355,-15.3915127231486,1.86617861519558e-53,1.22298113131749e-52,"ZNF699"
"ENSG00000122180",13.79342075264,-0.711160362514142,0.127305500430572,-5.58625008431574,2.32025045729262e-08,4.57275637568618e-08,"MYOG"
"ENSG00000005102",6.3861047871404,-0.711942469900437,0.168226506811989,-4.23204691931283,2.3157408301637e-05,3.77566439700603e-05,"MEOX1"
"ENSG00000118620",774.233862958,-0.712406728305985,0.0375640552961199,-18.9651176554298,3.31285265771519e-80,3.33757543874291e-79,"ZNF430"
"ENSG00000188868",187.59028936025,-0.71447244041765,0.0471370695217235,-15.1573368405598,6.77617282322326e-52,4.29475742316967e-51,"ZNF563"
"ENSG00000186951",1466.83746991869,-0.719117097450137,0.0550524667615021,-13.0623955610471,5.40013290422103e-39,2.68021302231559e-38,"PPARA"
"ENSG00000178163",1430.02639725033,-0.72180043067846,0.108242454830005,-6.66836715604844,2.58665030428864e-11,5.62315283541008e-11,"ZNF518B"
"ENSG00000181450",895.263823563386,-0.725268862653974,0.0626706735162482,-11.5726993498153,5.66711607096756e-31,2.28376319277797e-30,"ZNF678"
"ENSG00000109906",3447.4616868563,-0.725332783781158,0.110599006537705,-6.55822151109361,5.44532829504064e-11,1.17057216533517e-10,"ZBTB16"
"ENSG00000197782",767.784219601811,-0.735235127057742,0.0552305319730335,-13.3121138035883,1.96833007093956e-40,1.00653242263955e-39,"ZNF780A"
"ENSG00000178175",134.888162826479,-0.735363845795983,0.0818006230116303,-8.98970959782825,2.47884534227841e-19,7.12008768526777e-19,"ZNF366"
"ENSG00000197863",516.96451775515,-0.741144429526165,0.0523003044841751,-14.170939095592,1.38634100935596e-45,7.73372050673778e-45,"ZNF790"
"ENSG00000112246",8.98622309218567,-0.742090136511638,0.280178780161633,-2.64863076384133,0.00808185767918751,0.0109502711077299,"SIM1"
"ENSG00000257446",24.0616018192866,-0.742981730149012,0.103664022689921,-7.16720913263626,7.6542062000566e-13,1.75138616441973e-12,"ZNF878"
"ENSG00000119547",262.181071987289,-0.745418727142053,0.190849953203836,-3.90578417562362,9.39203113302098e-05,0.000147433046855562,"ONECUT2"
"ENSG00000273274",268.530110409912,-0.748171877342045,0.110291904399489,-6.78356114544988,1.17249135194027e-11,2.57433999261908e-11,"ZBTB8B"
"ENSG00000181315",695.975906257175,-0.756735863033911,0.0442232773678909,-17.1117092190764,1.21384622428363e-65,9.25814916826494e-65,"ZNF322"
"ENSG00000197937",1202.29603765983,-0.759007963956878,0.0558830919615644,-13.5820681589865,5.11611377594116e-42,2.69795062403147e-41,"ZNF347"
"ENSG00000234444",1780.27261556367,-0.767850648828519,0.0456198893655655,-16.8314886227695,1.43449691060682e-63,1.07587268295512e-62,"ZNF736"
"ENSG00000263001",2520.36466063549,-0.769986819570147,0.0427612556729369,-18.0066466115836,1.72784088185747e-72,1.52456548399188e-71,"GTF2I"
"ENSG00000197857",913.319906442263,-0.7800377334861,0.0377862560001153,-20.6434247807912,1.11849520599014e-94,1.34818618579168e-93,"ZNF44"
"ENSG00000187187",587.81403853728,-0.781107311925493,0.0453939427666249,-17.2073026558025,2.34083871184531e-66,1.85890132999481e-65,"ZNF546"
"ENSG00000173320",1385.31397065986,-0.792919833739452,0.0820651254489319,-9.6620803222055,4.36900232436626e-22,1.38454299011607e-21,"STOX2"
"ENSG00000198740",2101.30398924097,-0.809292601916083,0.0465787206813455,-17.374727989045,1.28212803946425e-67,1.06188518605935e-66,"ZNF652"
"ENSG00000134317",144.697846077599,-0.811514543838822,0.114236816670504,-7.10379164520568,1.21379806795402e-12,2.74476950039853e-12,"GRHL1"
"ENSG00000118922",2285.37671050069,-0.812298785215411,0.0744697433717293,-10.90776936293,1.05821071229475e-27,3.9682901711053e-27,"KLF12"
"ENSG00000180535",53.8444010811897,-0.815031399879716,0.100482248768996,-8.11119784702904,5.0123165570711e-16,1.29381020115602e-15,"BHLHA15"
"ENSG00000229676",36.4904283902623,-0.821160778329319,0.221856847785708,-3.70130913931708,0.00021448996344992,0.000326450338959856,"ZNF492"
"ENSG00000198342",290.061440900683,-0.825435079632018,0.05552061516512,-14.8671818058418,5.38321353878195e-50,3.27357580061064e-49,"ZNF442"
"ENSG00000177853",1195.79744723087,-0.82551632671342,0.0619215429212353,-13.3316498228005,1.51509566505078e-40,7.83670171577989e-40,"ZNF518A"
"ENSG00000196605",540.544696685599,-0.825622205206548,0.05720850651561,-14.431808405648,3.26409132665348e-47,1.87511629403498e-46,"ZNF846"
"ENSG00000110693",3527.11871638248,-0.82855421875236,0.104812438309032,-7.90511347812965,2.67689628747194e-15,6.71711893696491e-15,"SOX6"
"ENSG00000177842",410.396761985921,-0.843953780254666,0.0578853989437915,-14.5797350567484,3.77980762986314e-48,2.20897848498495e-47,"ZNF620"
"ENSG00000198963",1529.76018657833,-0.846389537622922,0.136099456787997,-6.21890459813774,5.00637568941222e-10,1.04947316470598e-09,"RORB"
"ENSG00000177463",3474.8721955567,-0.846989250220376,0.035327368876863,-23.9754410574034,5.01717147775192e-127,8.06331130352987e-126,"NR2C2"
"ENSG00000117000",2166.92162148753,-0.858269747469094,0.0452779059971288,-18.9555971851596,3.97021614225694e-80,3.97021614225694e-79,"RLF"
"ENSG00000197961",2449.37343139825,-0.859084129048784,0.0436078708105418,-19.7002080835625,2.14735725445145e-86,2.43607755757098e-85,"ZNF121"
"ENSG00000138738",804.426697139943,-0.863594783342831,0.0678348954431224,-12.7308338533068,3.9855975674752e-37,1.88131353709493e-36,"PRDM5"
"ENSG00000198633",37.7662936882005,-0.871397636272715,0.112314388746237,-7.75855743863371,8.59008380558391e-15,2.11617028057268e-14,"ZNF534"
"ENSG00000159917",444.703967709764,-0.87398408625193,0.0444201185351019,-19.6754109415824,3.50325456087252e-86,3.94116138098158e-85,"ZNF235"
"ENSG00000205922",7.01738935262395,-0.879208163347724,0.133242209243408,-6.5985708908622,4.15139965323165e-11,8.96702325098037e-11,"ONECUT3"
"ENSG00000171116",4.1399928794306,-0.886825333194702,0.179565921298154,-4.93871736231176,7.86380916143438e-07,1.40797644137088e-06,"HSFX1"
"ENSG00000140836",1697.36378305617,-0.89040369137806,0.0626992269064503,-14.2011909127138,9.00686387809061e-46,5.04533868689723e-45,"ZFHX3"
"ENSG00000143190",2023.32305032232,-0.891505095696022,0.0504848117084243,-17.6588773044242,8.69520050491433e-70,7.33657542602146e-69,"POU2F1"
"ENSG00000072736",1045.2408797311,-0.893075774826349,0.0422870011595072,-21.1193924926871,5.27691660864443e-99,6.84984367468267e-98,"NFATC3"
"ENSG00000186272",465.975971378297,-0.897742983578769,0.0459815607134838,-19.5239780827081,6.86771677015921e-85,7.47694970944753e-84,"ZNF17"
"ENSG00000171466",2678.47907891291,-0.898018737318585,0.0298866696372767,-30.0474675906516,2.35612852691367e-198,8.59668516576608e-197,"ZNF562"
"ENSG00000147488",544.948304297526,-0.901652456849643,0.169468096297222,-5.32048495587203,1.03491007255348e-07,1.97334547732655e-07,"ST18"
"ENSG00000249471",462.926497323495,-0.908269387754253,0.0473421456243041,-19.1852180710621,4.91873469012825e-82,5.10791679359472e-81,"ZNF324B"
"ENSG00000131127",1070.10653570163,-0.916331263945278,0.0487464655380275,-18.797901629,7.85635454492168e-79,7.74166323769654e-78,"ZNF141"
"ENSG00000177494",2.02555030078384,-0.920332790664113,0.25997208391292,-3.54012160387339,0.000399942703878977,0.000601250167301357,"ZBED2"
"ENSG00000164684",3551.32839420061,-0.922287093163883,0.0851721074752289,-10.8285108881698,2.52223620154993e-27,9.35444745080329e-27,"ZNF704"
"ENSG00000185670",469.6831000474,-0.925041943098376,0.0385619648977113,-23.9884545705107,3.67016332924358e-127,5.96954276443233e-126,"ZBTB3"
"ENSG00000106261",7265.33410068423,-0.93394121395026,0.0415256823088127,-22.4906891837406,5.11982575216417e-112,7.27554185833856e-111,"ZKSCAN1"
"ENSG00000143257",56.0053109613526,-0.936175909133457,0.066724996074189,-14.0303628956764,1.01630190955375e-44,5.57726657681937e-44,"NR1I3"
"ENSG00000177932",790.462892462537,-0.940059587150507,0.0595887347032547,-15.7757937273194,4.56621567789169e-56,3.14509753324172e-55,"ZNF354C"
"ENSG00000263002",864.842231607488,-0.941110816736903,0.0389957441954699,-24.1336801272338,1.10796423064689e-128,1.82408745289426e-127,"ZNF234"
"ENSG00000084093",2158.40036573647,-0.943402395377745,0.0485818450138932,-19.4188260060514,5.34989641089231e-84,5.73203186881318e-83,"REST"
"ENSG00000176542",1122.87042740656,-0.950032358181781,0.0537770101787863,-17.6661431162371,7.64483272505159e-70,6.49089570994946e-69,"USF3"
"ENSG00000095951",1307.05650653092,-0.954470740091912,0.0457407509559498,-20.8669669855466,1.06905070721853e-96,1.36152684409907e-95,"HIVEP1"
"ENSG00000166268",67.2347550429398,-0.956610778039809,0.128967606620972,-7.41745003341213,1.19396709034764e-13,2.81301146940543e-13,"MYRFL"
"ENSG00000186300",852.2502432751,-0.958611308618407,0.0394391531009454,-24.3060824902811,1.69051892749991e-130,2.88886145838591e-129,"ZNF555"
"ENSG00000131849",782.84438995587,-0.959515043968661,0.040384668463969,-23.7593889083115,8.7874377543603e-125,1.39565187863369e-123,"ZNF132"
"ENSG00000198429",405.784140483804,-0.962495102960116,0.0603424258382276,-15.9505536873919,2.82382211099124e-57,1.98549992179072e-56,"ZNF69"
"ENSG00000198466",1106.98837932951,-0.962751828338584,0.0559489361178542,-17.2076878514827,2.32532264056234e-66,1.85750625133678e-65,"ZNF587"
"ENSG00000083844",2301.74368646896,-0.974460175847179,0.0381964747925965,-25.5117829888337,1.45888186299041e-143,2.93953808214485e-142,"ZNF264"
"ENSG00000128000",1212.00515156568,-0.975804929638179,0.0582208955867863,-16.7603902310917,4.75493043846189e-63,3.52700884171624e-62,"ZNF780B"
"ENSG00000091656",2412.12253042156,-0.979937789346096,0.0822307668434306,-11.9169238833917,9.66100792680183e-33,4.11430936945819e-32,"ZFHX4"
"ENSG00000187801",207.586228175541,-0.999451173409548,0.0810376294971726,-12.3331738552942,6.00345975955669e-35,2.70155689180051e-34,"ZFP69B"
"ENSG00000005889",2845.52800407722,-1.00157907075866,0.046454972700654,-21.5602122341697,4.24655484049524e-103,5.62044023006723e-102,"ZFX"
"ENSG00000197360",30.0596878685105,-1.00555377440683,0.261616618929927,-3.84361581660897,0.000121234745050886,0.000187906895314231,"ZNF98"
"ENSG00000135100",6.33637291158112,-1.00996844350773,0.126204635956575,-8.00262554424104,1.21793890374733e-15,3.10229720765829e-15,"HNF1A"
"ENSG00000240445",382.513285048264,-1.01695573567537,0.0712935774696613,-14.2643386931751,3.65035855685776e-46,2.06191801328785e-45,"FOXO3B"
"ENSG00000164900",5.55092446370469,-1.02777083605422,0.150342248026875,-6.83620771634658,8.13170150369553e-12,1.79375768463872e-11,"GBX1"
"ENSG00000069667",1780.41225443096,-1.0292208447397,0.0744303003588151,-13.8279818807396,1.72800729967283e-43,9.36871427533464e-43,"RORA"
"ENSG00000232237",23.3025811279785,-1.03087022454453,0.125892671019992,-8.1884848116443,2.64535308397465e-16,6.86774358339573e-16,"ASCL5"
"ENSG00000186487",581.51047062804,-1.03596362013184,0.212268175206378,-4.8804471943315,1.05845553035805e-06,1.87521649079181e-06,"MYT1L"
"ENSG00000161298",707.555441857046,-1.04778347010076,0.0502949331909333,-20.8327838138901,2.18391244612614e-96,2.75540355352363e-95,"ZNF382"
"ENSG00000124782",1593.99488159348,-1.05782023164134,0.0691888230421543,-15.2888889437655,9.06840506947803e-53,5.85758222191165e-52,"RREB1"
"ENSG00000197779",1066.49997036343,-1.05912972306613,0.036473357174329,-29.0384490246917,2.15305286634637e-185,6.92052707039905e-184,"ZNF81"
"ENSG00000115112",1059.37820907114,-1.06439591098293,0.184278806442197,-5.7760082753564,7.64936129904210e-09,1.53670204668256e-08,"TFCP2L1"
"ENSG00000196152",507.398483576218,-1.06702101845846,0.0423877174768106,-25.1728821926353,7.93896958994995e-140,1.53108699234749e-138,"ZNF79"
"ENSG00000156273",3206.08324402653,-1.06983477261477,0.0524518012841277,-20.3965306514366,1.79508363120282e-92,2.10727208880331e-91,"BACH1"
"ENSG00000188033",520.897436860644,-1.09640794588921,0.0345951983630296,-31.692489066948,1.97175620912752e-220,9.1788651114557e-219,"ZNF490"
"ENSG00000187792",627.079233584963,-1.0973831172446,0.053703472983084,-20.4341182476273,8.31816200613952e-93,9.85045500727048e-92,"ZNF70"
"ENSG00000179909",933.748864737503,-1.10006110240955,0.0829210124026097,-13.2663732693998,3.62714779246858e-40,1.84779227163494e-39,"ZNF154"
"ENSG00000112200",2681.39479809918,-1.11517921808498,0.0354157362975773,-31.4882403888146,1.25848956890728e-217,5.66320306008274e-216,"ZNF451"
"ENSG00000237440",936.262309774212,-1.12243192364716,0.0653088110916845,-17.1865312640805,3.34984142712935e-66,2.62923600385152e-65,"ZNF737"
"ENSG00000196724",629.228071104728,-1.1256340149867,0.0657276485850737,-17.1257307878548,9.54038859509148e-66,7.35972834478485e-65,"ZNF418"
"ENSG00000204519",805.540841801765,-1.16558869106774,0.0466717337643927,-24.9741888088376,1.16634307983165e-137,2.15693583256539e-136,"ZNF551"
"ENSG00000197128",1255.1060293773,-1.17340437148087,0.0436473742028805,-26.8837333954314,3.40340880427353e-159,8.20464622458796e-158,"ZNF772"
"ENSG00000170374",11.7383303530502,-1.18412988411,0.132933937757216,-8.90765672098452,5.21224932552917e-19,1.4876398709227e-18,"SP7"
"ENSG00000204779",2.48310034944065,-1.18716469353167,0.219603594109626,-5.40594382503157,6.44680009882068e-08,1.2450901478409e-07,"FOXD4L5"
"ENSG00000214652",404.231295653066,-1.19411216139573,0.212170530843943,-5.6280773613845,1.82229362667315e-08,3.61247635243576e-08,"ZNF727"
"ENSG00000167377",79.053969686394,-1.19711293180959,0.0631981013043263,-18.9422293882687,5.11832558035439e-80,5.08069083344002e-79,"ZNF23"
"ENSG00000010818",2643.83136381442,-1.20271990957602,0.0666688906657601,-18.0401968229196,9.4207799137098e-73,8.36714005493963e-72,"HIVEP2"
"ENSG00000132010",34.3270528703477,-1.21444652940294,0.0768460175396447,-15.8036365225617,2.93675578310495e-56,2.03313861907266e-55,"ZNF20"
"ENSG00000278570",16.2502669207551,-1.22007480250115,0.118193223741292,-10.3227136368809,5.56282998906398e-25,1.92067020082772e-24,"NR2E3"
"ENSG00000130684",252.364316982954,-1.22186591995731,0.0707814516117021,-17.2625157034121,9.0098657803351e-67,7.24007071634071e-66,"ZNF337"
"ENSG00000173480",935.778627128891,-1.22712101756048,0.0409764411580054,-29.9469886325337,4.81563135251846e-197,1.71081640155261e-195,"ZNF417"
"ENSG00000257591",23.6534044265619,-1.2282625259154,0.0762922692316149,-16.0994362638045,2.57439397250216e-58,1.8195978339675e-57,"ZNF625"
"ENSG00000134532",1855.34067136133,-1.2300210039903,0.0790632137354653,-15.5574374715627,1.41657882714568e-54,9.46723473587459e-54,"SOX5"
"ENSG00000186777",17.3430053460214,-1.23093308186244,0.148854535442188,-8.26936900649898,1.34669849200179e-16,3.53704856848718e-16,"ZNF732"
"ENSG00000091831",131.865613448465,-1.23392905455766,0.0789546943409783,-15.6283177948703,4.66968923801459e-55,3.15204023565985e-54,"ESR1"
"ENSG00000180884",374.259335619817,-1.23886889926107,0.0427710041380704,-28.9651581539176,1.80830557577451e-184,5.67723843557114e-183,"ZNF792"
"ENSG00000198597",557.325649395826,-1.23978133715729,0.163803219545514,-7.56872386633895,3.76908355994016e-14,9.08618358199859e-14,"ZNF536"
"ENSG00000183733",1.2106092857731,-1.2437864024077,0.270661603399673,-4.59535592335592,4.32011212860654e-06,7.40120732692744e-06,"FIGLA"
"ENSG00000186230",456.392907134433,-1.25045797774678,0.048180880611947,-25.9534064521999,1.66423767731327e-148,3.68314895798839e-147,"ZNF749"
"ENSG00000162599",12322.4283607127,-1.25250950052584,0.0725510134634638,-17.2638456822742,8.80468509132658e-67,7.1175598043658e-66,"NFIA"
"ENSG00000178187",217.753316787197,-1.25575722783724,0.0600612118699698,-20.9079568783245,4.5322921777559e-97,5.82723279997187e-96,"ZNF454"
"ENSG00000178935",388.775018808552,-1.25760056536924,0.0585168686639373,-21.4912484909548,1.87988006477266e-102,2.46392047324571e-101,"ZNF552"
"ENSG00000178662",1606.15008867536,-1.27256174303057,0.096147805429488,-13.2354736267363,5.47505027806257e-40,2.7682838484586e-39,"CSRNP3"
"ENSG00000130544",1283.96515728331,-1.28344983431514,0.0385928902367735,-33.2561211777862,1.66506183554675e-242,1.0217424899946e-240,"ZNF557"
"ENSG00000083828",866.073668245676,-1.28605248786889,0.0478602979687721,-26.8709670112797,4.79885706078838e-159,1.13657140913409e-157,"ZNF586"
"ENSG00000213020",813.416005958817,-1.28757741231574,0.0463256006954725,-27.7940791481541,5.11482545231218e-170,1.38100287212429e-168,"ZNF611"
"ENSG00000178928",0.841878583746363,-1.30316554394123,0.265038224767467,-4.91689659136743,8.79269670690178e-07,1.57012441194675e-06,"TPRX1"
"ENSG00000167800",3.04898513353437,-1.33044674302608,0.191918408641671,-6.93235605923634,4.13888605550945e-12,9.22029071771906e-12,"TBX10"
"ENSG00000130856",1195.22846800202,-1.3562891580104,0.0465422602602096,-29.1410247467061,1.08551355830321e-186,3.66360825927334e-185,"ZNF236"
"ENSG00000174255",6.57976843679096,-1.35701960272449,0.159692229598716,-8.49771843084973,1.93353427480601e-17,5.15863887547059e-17,"ZNF80"
"ENSG00000214029",600.08324995077,-1.3645585080621,0.0669868631251753,-20.3705390042256,3.0529926995529e-92,3.5530518486176e-91,"ZNF891"
"ENSG00000179930",40.3522973095523,-1.39351729459354,0.162545635225598,-8.57308344613172,1.00750446699067e-17,2.72571348785052e-17,"ZNF648"
"ENSG00000188994",3334.52541334896,-1.40263432438604,0.0578972506116746,-24.2262682522476,1.1764657109895e-129,1.98528588729479e-128,"ZNF292"
"ENSG00000167637",645.985960447951,-1.427062970546,0.0405917265506276,-35.1564984250205,9.24849810586956e-271,6.93637357940217e-269,"ZNF283"
"ENSG00000227059",0.634332783977882,-1.43111903604922,0.30058878108209,-4.76105272757465,1.92585719154577e-06,3.35905324106821e-06,"ANHX"
"ENSG00000030419",762.402749207519,-1.44370890679062,0.0648143361136776,-22.27453050292,6.5258092845733e-110,9.08231189090099e-109,"IKZF2"
"ENSG00000159915",174.496514985296,-1.45529682473996,0.0957016079120213,-15.206607877245,3.19684103624616e-52,2.0357242447794e-51,"ZNF233"
"ENSG00000111704",3.7090724977628,-1.46007014196869,0.158208767167821,-9.22875620679044,2.73792579331236e-20,8.12351609004765e-20,"NANOG"
"ENSG00000175329",0.632153944862845,-1.4609868006461,0.386947149779246,-3.77567531245443,0.000159574743720994,0.000246201033169534,"ISX"
"ENSG00000269343",765.710440361668,-1.50288259355319,0.0569868494425474,-26.3724457178205,2.83779940104856e-153,6.49326981595858e-152,"ZNF587B"
"ENSG00000183850",157.154243398313,-1.50418572675693,0.150895086872978,-9.9684208275326,2.09533761627105e-23,6.9161510561514e-23,"ZNF730"
"ENSG00000173258",2530.2028049397,-1.51903097041623,0.0923343587587549,-16.4514162532395,8.19298323851822e-61,5.97866344432411e-60,"ZNF483"
"ENSG00000283697",0.546237814364627,-1.52247859212866,0.285337124710901,-5.33571855983062,9.5166918090665e-08,1.81719009084014e-07,"HSFX3"
"ENSG00000268480",0.919484627493555,-1.52489282430335,0.287128257238946,-5.31084205701962,1.09119869431454e-07,2.07189625502761e-07,"NFILZ"
"ENSG00000104447",3923.5072738454,-1.5821712233354,0.0635273031428636,-24.9053736749588,6.50686724148887e-137,1.18706361837973e-135,"TRPS1"
"ENSG00000184659",6.42191612968876,-1.58679516600953,0.156605422690683,-10.1324407465996,3.96623440632183e-24,1.33526594726545e-23,"FOXD4L4"
"ENSG00000169856",69.4305720182955,-1.59437901258147,0.16458599310289,-9.68720960103061,3.41737647073465e-22,1.09323654869474e-21,"ONECUT1"
"ENSG00000186103",1.24580912759092,-1.60836687832673,0.229489486351262,-7.00845561118617,2.40963043877007e-12,5.40365629956743e-12,"ARGFX"
"ENSG00000204524",1010.21247828139,-1.62810611928835,0.0432618986534298,-37.6337185829748,6.04115392072562e-310,5.82539842355685e-308,"ZNF805"
"ENSG00000178917",199.138694359861,-1.63331902062822,0.0518917035942536,-31.4755328404576,1.87831045657294e-217,8.17973908507572e-216,"ZNF852"
"ENSG00000121454",137.410045368419,-1.64930767853694,0.093036615304614,-17.7275116161189,2.57167191796871e-70,2.2398432833921e-69,"LHX4"
"ENSG00000102908",2546.12305643325,-1.7049933425438,0.0607512905269728,-28.0651378391181,2.6107956446337e-173,7.34286275053229e-172,"NFAT5"
"ENSG00000131721",3.95386227932713,-1.73373041299379,0.196175043859057,-8.83767057668865,9.7734952374197e-19,2.76608355776029e-18,"RHOXF2"
"ENSG00000283039",0.74099926705202,-1.77056145212784,0.334290418854083,-5.29647681257859,1.18058321820121e-07,2.22907320919109e-07,"KLF18"
"ENSG00000140009",195.464425570385,-1.80849866327909,0.155031962845801,-11.6653277819741,1.91663514938658e-31,7.84078015658148e-31,"ESR2"
"ENSG00000178919",9.93714766640104,-1.83249643799556,0.218509435616714,-8.38634923395223,5.01472130453343e-17,1.33003413774462e-16,"FOXE1"
"ENSG00000196109",39.3999172092767,-1.83282520945075,0.279389798283907,-6.56010069339858,5.37714562627531e-11,1.15775862766693e-10,"ZNF676"
"ENSG00000083307",14.1381578078945,-1.83301665099341,0.137663081122501,-13.3152377242108,1.88770644889516e-40,9.68974793159112e-40,"GRHL2"
"ENSG00000185278",1923.05232213328,-1.84248194651244,0.0564663392848344,-32.6297395908449,1.55336145803143e-233,8.38815187336972e-232,"ZBTB37"
"ENSG00000167232",2668.78988020082,-1.86020448996512,0.0612157344345095,-30.387685570533,7.98965745702665e-203,3.17236399028999e-201,"ZNF91"
"ENSG00000175325",1.19057641460283,-1.88840391476368,0.290163646224223,-6.50806515335978,7.61249028983331e-11,1.62866274029714e-10,"PROP1"
"ENSG00000196081",160.950139989351,-1.91627396222778,0.0765458272678814,-25.0343360392663,2.58602874095262e-138,4.84880388928616e-137,"ZNF724"
"ENSG00000255192",6.12721861621523,-1.91757818268148,0.149958541300234,-12.7873888746509,1.92844844893624e-37,9.16692044388705e-37,"NANOGP8"
"ENSG00000269699",34.6345263238367,-1.93112118360536,0.116600041094737,-16.5619254116415,1.31323453561729e-61,9.68779575455377e-61,"ZIM2"
"ENSG00000178229",782.389207445287,-1.96182225805599,0.0390287269489825,-50.2661093870789,0,0,"ZNF543"
"ENSG00000119608",66.6499790398682,-1.97078035548231,0.10051431249228,-19.6069624973427,1.3484868370752e-85,1.49217805741927e-84,"PROX2"
"ENSG00000105261",14.361983884416,-2.00564905159156,0.11091613080944,-18.082573174477,4.37195468674015e-73,3.93475921806613e-72,"OVOL3"
"ENSG00000269067",28.0815686935919,-2.03932319478733,0.282161779423322,-7.22749622204419,4.91979824325006e-13,1.13728212814856e-12,"ZNF728"
"ENSG00000176160",9.88585472695043,-2.04282375694451,0.109177253328527,-18.711074831654,4.02181567168619e-78,3.90607996890385e-77,"HSF5"
"ENSG00000249709",33.2533203108689,-2.056692791029,0.079403489838807,-25.9017934250017,6.35698284500328e-148,1.36221060964356e-146,"ZNF564"
"ENSG00000101076",7.30317411918279,-2.08943616642755,0.172323570434747,-12.1250747135531,7.77892266138852e-34,3.42069889018713e-33,"HNF4A"
"ENSG00000121903",413.810816244343,-2.08995483435285,0.0462619003945949,-45.1765884351141,0,0,"ZSCAN20"
"ENSG00000162068",77.5699545250868,-2.09227908395553,0.0922696450047601,-22.6757031941284,7.78284628497276e-114,1.12976800910895e-112,"NTN3"
"ENSG00000176302",7.50257260510149,-2.14607416185629,0.196707282905313,-10.9099883347447,1.03269599484882e-27,3.88339719511393e-27,"FOXR1"
"ENSG00000174197",5171.28565591287,-2.17027254979962,0.039717768724307,-54.6423583072891,0,0,"MGA"
"ENSG00000162924",539.163409272762,-2.1988443027469,0.0727224786576868,-30.2361022799719,7.94660104159611e-201,2.97997539059854e-199,"REL"
"ENSG00000119725",80.1360820703134,-2.27705366939134,0.080308539322125,-28.3538175219184,7.51036724388937e-177,2.2041295172284e-175,"ZNF410"
"ENSG00000214513",2.5123992216843,-2.31976667187107,0.2016127715538,-11.5060502070031,1.22983111718782e-30,4.91204736154897e-30,"NOTO"
"ENSG00000164532",9.84188828087116,-2.32909733037601,0.292844893902265,-7.95334792879582,1.81537579433601e-15,4.57230843722688e-15,"TBX20"
"ENSG00000198300",2113.38221438793,-2.45403707665805,0.132420487002777,-18.5321556520675,1.13641773695009e-76,1.08039714428354e-75,"PEG3"
"ENSG00000274529",0.852644631452819,-2.5239177445029,0.276982479636725,-9.1121927560658,8.07334521078405e-20,2.35909437977456e-19,"SEBOX"
"ENSG00000187987",221.937813231054,-2.58094692875941,0.0673749406606449,-38.3072237756641,4.64421707090772e-321,4.82282180187933e-319,"ZSCAN23"
"ENSG00000160229",262.879205941767,-2.58564176771568,0.0785696202126711,-32.9089253672972,1.63808212512178e-237,9.21421195381003e-236,"ZNF66"
"ENSG00000189144",506.551812221464,-2.63402909041596,0.0437817555204037,-60.16271067953,0,0,"ZNF573"
"ENSG00000196418",1183.99336279811,-2.73706089125433,0.0821938070832567,-33.3000865683454,3.84988679789472e-243,2.59867358857894e-241,"ZNF124"
"ENSG00000173976",2.81276083691764,-2.90361248617947,0.211849444959628,-13.7060188509477,9.34463143285258e-43,5.02599698579721e-42,"RAX2"
"ENSG00000176009",1.93932363785303,-2.91272450231328,0.222152055628936,-13.1114001806873,2.83318935093891e-39,1.42186082667938e-38,"ASCL3"
"ENSG00000283463",2.89264130738207,-3.06158102525853,0.199349655719618,-15.3578445581295,3.138364280094e-53,2.03691912409947e-52,"HSFX4"
"ENSG00000011590",76.8129841903891,-3.16723704415355,0.103884738915782,-30.4879915684361,3.75972886357888e-204,1.53807089873681e-202,"ZBTB32"
"ENSG00000269825",254.06460978374,-3.21405745289737,0.0863124204066241,-37.2374849153309,1.68930064660258e-303,1.52037058194232e-301,""
"ENSG00000159905",356.714829852166,-3.30351281669889,0.0584526960344744,-56.5160042361524,0,0,"ZNF221"
"ENSG00000188629",20.1021555463184,-3.48004268166678,0.128678930207751,-27.0443861792159,4.44666627787912e-161,1.09145445002488e-159,"ZNF177"
"ENSG00000233757",234.000671550692,-3.55739903427104,0.0653743985312664,-54.4157822357578,0,0,"ZNF892"
"ENSG00000284484",20.4060826328684,-3.60860243205381,0.119084983879302,-30.3027494693309,1.05461431047978e-201,4.06779805470772e-200,"CPHXL2"
"ENSG00000141579",51.2463586614375,-4.10071567406832,0.115615955481164,-35.4684235147492,1.50853616640655e-275,1.1979551909699e-273,"ZNF750"
"ENSG00000124827",22.2433301715674,-4.1634858364053,0.157299962526717,-26.4684477321355,2.23798204894801e-154,5.20909614841346e-153,"GCM2"
"ENSG00000257315",46.1063367195313,-4.24578065000845,0.152553298185275,-27.8314575988517,1.80616281585741e-170,4.97616286001531e-169,"ZBED6"
"ENSG00000282757",15.2213850353445,-4.53994348700948,0.165334659834755,-27.4591152971008,5.40761187188743e-166,1.40389923597078e-164,"DUXB"
"ENSG00000283755",8.06315308804013,-5.0208664790184,0.204383589267159,-24.5658983532939,2.92512024870181e-133,5.19593728387822e-132,"CPHXL"
"ENSG00000248483",120.840102852619,-5.98514346196095,0.111426137631523,-53.7139991494035,0,0,"POU5F2"
"ENSG00000197714",2845.66355967493,-6.03645921689954,0.0623592544392918,-96.8013372061107,0,0,"ZNF460"
